DROP TABLE Realm IF EXISTS;
CREATE TABLE Realm (id INTEGER GENERATED ALWAYS AS IDENTITY PRIMARY KEY, text VARCHAR(20), description VARCHAR(2000), number int);
DROP TABLE Theme IF EXISTS;
CREATE TABLE Theme (id INTEGER GENERATED ALWAYS AS IDENTITY PRIMARY KEY, realmId int, text VARCHAR(2000), number int);
DROP TABLE Rule IF EXISTS;
CREATE TABLE Rule (id INTEGER GENERATED ALWAYS AS IDENTITY PRIMARY KEY, themeId int, text VARCHAR(2000), number int);
DROP TABLE Question IF EXISTS;
CREATE TABLE Question (id INTEGER GENERATED ALWAYS AS IDENTITY PRIMARY KEY, realmId int, type int, text VARCHAR(2000), number int, ruleId int);
	DROP TABLE Answer IF EXISTS;
	CREATE TABLE Answer (id INTEGER GENERATED ALWAYS AS IDENTITY PRIMARY KEY, questionId int, correct boolean, text VARCHAR(2000), comment VARCHAR(2000));
DROP TABLE ThemeQuestion IF EXISTS;
CREATE TABLE ThemeQuestion (themeId int, questionId int, PRIMARY KEY(themeId, questionId));
DROP TABLE Image IF EXISTS;
CREATE TABLE Image (id INTEGER GENERATED ALWAYS AS IDENTITY PRIMARY KEY, filename VARCHAR(2000), extension VARCHAR(10));
DROP TABLE UserAnswer IF EXISTS;
CREATE TABLE UserAnswer (id INTEGER GENERATED ALWAYS AS IDENTITY PRIMARY KEY, questionId int, correct boolean);
DROP TABLE ThemeExam IF EXISTS;
CREATE TABLE ThemeExam (id INTEGER GENERATED ALWAYS AS IDENTITY PRIMARY KEY, themeId int, percentage DOUBLE, date TIMESTAMP);
INSERT INTO Realm (id,text,description,number) OVERRIDING SYSTEM VALUE VALUES (0,'РЯ7','Причастие',1);
INSERT INTO Theme (id,realmId,text,number) OVERRIDING SYSTEM VALUE VALUES (0,0,'Как узнать причастие',1);
INSERT INTO Theme (id,realmId,text,number) OVERRIDING SYSTEM VALUE VALUES (1,0,'Безударные гласные в окончаниях причастий',2);
INSERT INTO Theme (id,realmId,text,number) OVERRIDING SYSTEM VALUE VALUES (2,0,'Причастный оборот',3);
INSERT INTO Theme (id,realmId,text,number) OVERRIDING SYSTEM VALUE VALUES (3,0,'Действительные и страдательные причастия',4);
INSERT INTO Theme (id,realmId,text,number) OVERRIDING SYSTEM VALUE VALUES (4,0,'Полные и краткие формы причастий',5);
INSERT INTO Theme (id,realmId,text,number) OVERRIDING SYSTEM VALUE VALUES (5,0,'Причастия настоящего и прошедшего времени',6);
INSERT INTO Rule (id,themeId,text,number) OVERRIDING SYSTEM VALUE VALUES (0,0,'Ярким морфемным признаком причастий является наличие суффиксов -ущ-(-ющ-), -ащ-(-ящ-); -ем-(-ом-), -им-; -вш-, -ш-, -енн-(-ённ-), -нн-, -т-. Причастия отвечают на вопросы какой? (каков?), что делающий? что сделавший?',1);
INSERT INTO Rule (id,themeId,text,number) OVERRIDING SYSTEM VALUE VALUES (1,1,'Написание безударных гласных в окончаниях причастий определяется так же, как и написание падежных окончаний прилагательных &ndash; по вопросу, задаваемому от определяемого слова.',1);
INSERT INTO Rule (id,themeId,text,number) OVERRIDING SYSTEM VALUE VALUES (2,2,'Причастие с зависимым от него словами называется причастным оборотом. Причастный оборот, стоящий после определяемого слова, выделяется запятыми. Определяемое слово - слово, от которого задается вопрос к причастию.',1);
INSERT INTO Rule (id,themeId,text,number) OVERRIDING SYSTEM VALUE VALUES (3,3,'Причастия делятся на действительные и страдательные. <br />Действительные причастия обозначают признак, который создается действием самого предмета. Действительные причастия имеют суффиксы -ущ-(-ющ-), -ащ-(-ящ-), -вш-, -ш-.<br />Страдательные причастия обозначают признак, который создается у одного предмета действием другого предмета. Страдательные причастия имеют суффиксы -ем-(-ом-), -им-, -енн-(-ённ-), -нн-, -т-.',1);
INSERT INTO Rule (id,themeId,text,number) OVERRIDING SYSTEM VALUE VALUES (4,4,'Действительные причастия имеют только полную форму. Страдательные причастия могут иметь и полную, и краткую формы.',1);
INSERT INTO Rule (id,themeId,text,number) OVERRIDING SYSTEM VALUE VALUES (5,4,'Краткая форма страдательного причастия образуется от полной формы.<br />В краткой форме причастия изменяются только по числам и в единственном числе по родам.<br />Краткое причастие мужского рода имеет нулевое окончание.<br />В суффиксах кратких причастий пишется одна буква Н.',2);
INSERT INTO Rule (id,themeId,text,number) OVERRIDING SYSTEM VALUE VALUES (6,5,'Причастия могут быть настоящего и прошедшего времени.&nbsp;<br />Причастий будущего времени не бывает.<br />Суффиксы действительных причастий прошедшего времени: -вш-, -ш-.<br />Суффиксы действительных причастий настоящего времени: -ущ-(-ющ-), <br />-ащ-(-ящ-).<br />Суффиксы страдательных причастий прошедшего времени: -енн-(-ённ-), <br />-нн-, -т-.<br />Суффиксы страдательных причастий настоящего времени: -ом-(-ем-),<br />-им-.',1);
INSERT INTO Question (id,realmId,ruleId,type,text,number) OVERRIDING SYSTEM VALUE VALUES (0,-1,0,1,'Найдите среди данных слов причастие.',1);
	INSERT INTO Answer (id,questionId,text,correct,comment) OVERRIDING SYSTEM VALUE VALUES (0,0,'снежный',false,'');
	INSERT INTO Answer (id,questionId,text,correct,comment) OVERRIDING SYSTEM VALUE VALUES (1,0,'зеленый',false,'');
	INSERT INTO Answer (id,questionId,text,correct,comment) OVERRIDING SYSTEM VALUE VALUES (2,0,'красящий',true,'');
	INSERT INTO Answer (id,questionId,text,correct,comment) OVERRIDING SYSTEM VALUE VALUES (3,0,'веселый',false,'');
	INSERT INTO Answer (id,questionId,text,correct,comment) OVERRIDING SYSTEM VALUE VALUES (4,0,'разноцветный',false,'');
	INSERT INTO Answer (id,questionId,text,correct,comment) OVERRIDING SYSTEM VALUE VALUES (5,0,'написанный',true,'');
	INSERT INTO Answer (id,questionId,text,correct,comment) OVERRIDING SYSTEM VALUE VALUES (6,0,'нежный',false,'');
	INSERT INTO Answer (id,questionId,text,correct,comment) OVERRIDING SYSTEM VALUE VALUES (7,0,'каменный',false,'');
	INSERT INTO Answer (id,questionId,text,correct,comment) OVERRIDING SYSTEM VALUE VALUES (8,0,'оловянный',false,'');
	INSERT INTO Answer (id,questionId,text,correct,comment) OVERRIDING SYSTEM VALUE VALUES (9,0,'мамин',false,'');
	INSERT INTO Answer (id,questionId,text,correct,comment) OVERRIDING SYSTEM VALUE VALUES (10,0,'третий',false,'');
	INSERT INTO Answer (id,questionId,text,correct,comment) OVERRIDING SYSTEM VALUE VALUES (11,0,'снятый',true,'');
INSERT INTO Question (id,realmId,ruleId,type,text,number) OVERRIDING SYSTEM VALUE VALUES (1,-1,0,1,'Найдите среди данных словосочетаний словосочетание &laquo;причастие+существительное&raquo;.',2);
	INSERT INTO Answer (id,questionId,text,correct,comment) OVERRIDING SYSTEM VALUE VALUES (16,1,'стеклянная чашка',false,'');
	INSERT INTO Answer (id,questionId,text,correct,comment) OVERRIDING SYSTEM VALUE VALUES (17,1,'работающий мальчик',true,'');
	INSERT INTO Answer (id,questionId,text,correct,comment) OVERRIDING SYSTEM VALUE VALUES (18,1,'красивая девочка',false,'');
	INSERT INTO Answer (id,questionId,text,correct,comment) OVERRIDING SYSTEM VALUE VALUES (19,1,'серебряные сережки',false,'');
	INSERT INTO Answer (id,questionId,text,correct,comment) OVERRIDING SYSTEM VALUE VALUES (20,1,'покрашенный забор',true,'');
	INSERT INTO Answer (id,questionId,text,correct,comment) OVERRIDING SYSTEM VALUE VALUES (21,1,'горький вкус',false,'');
	INSERT INTO Answer (id,questionId,text,correct,comment) OVERRIDING SYSTEM VALUE VALUES (22,1,'великолепное платье',false,'');
	INSERT INTO Answer (id,questionId,text,correct,comment) OVERRIDING SYSTEM VALUE VALUES (23,1,'интересный рассказ',false,'');
	INSERT INTO Answer (id,questionId,text,correct,comment) OVERRIDING SYSTEM VALUE VALUES (12,1,'зеленеющая листва',true,'');
	INSERT INTO Answer (id,questionId,text,correct,comment) OVERRIDING SYSTEM VALUE VALUES (13,1,'жестяное ведро',false,'');
	INSERT INTO Answer (id,questionId,text,correct,comment) OVERRIDING SYSTEM VALUE VALUES (14,1,'теплое молоко',false,'');
	INSERT INTO Answer (id,questionId,text,correct,comment) OVERRIDING SYSTEM VALUE VALUES (15,1,'волчий хвост',false,'');
INSERT INTO Question (id,realmId,ruleId,type,text,number) OVERRIDING SYSTEM VALUE VALUES (2,-1,1,1,'Найдите среди данных причастий причастие, в окончании которого пишется И.',1);
	INSERT INTO Answer (id,questionId,text,correct,comment) OVERRIDING SYSTEM VALUE VALUES (32,2,'о льющ...мся дожде',false,'');
	INSERT INTO Answer (id,questionId,text,correct,comment) OVERRIDING SYSTEM VALUE VALUES (33,2,'в голубеющ...м просторе',false,'');
	INSERT INTO Answer (id,questionId,text,correct,comment) OVERRIDING SYSTEM VALUE VALUES (34,2,'от спеющ...х ягод',true,'');
	INSERT INTO Answer (id,questionId,text,correct,comment) OVERRIDING SYSTEM VALUE VALUES (35,2,'из передаваем...го послания',false,'');
	INSERT INTO Answer (id,questionId,text,correct,comment) OVERRIDING SYSTEM VALUE VALUES (24,2,'в проснувш...мся лесу',false,'');
	INSERT INTO Answer (id,questionId,text,correct,comment) OVERRIDING SYSTEM VALUE VALUES (25,2,'на трепещущ...х листьях',true,'');
	INSERT INTO Answer (id,questionId,text,correct,comment) OVERRIDING SYSTEM VALUE VALUES (26,2,'от тающ...го снега',false,'');
	INSERT INTO Answer (id,questionId,text,correct,comment) OVERRIDING SYSTEM VALUE VALUES (27,2,'у рокочущ...го моря',false,'');
	INSERT INTO Answer (id,questionId,text,correct,comment) OVERRIDING SYSTEM VALUE VALUES (28,2,'пропадающ...х голосов',true,'');
	INSERT INTO Answer (id,questionId,text,correct,comment) OVERRIDING SYSTEM VALUE VALUES (29,2,'на рисуем...м плакате',false,'');
	INSERT INTO Answer (id,questionId,text,correct,comment) OVERRIDING SYSTEM VALUE VALUES (30,2,'в царивш...й тишине',false,'');
	INSERT INTO Answer (id,questionId,text,correct,comment) OVERRIDING SYSTEM VALUE VALUES (31,2,'на прогнувш...мся мосту',false,'');
INSERT INTO Question (id,realmId,ruleId,type,text,number) OVERRIDING SYSTEM VALUE VALUES (3,-1,1,1,'Найдите среди данных причастий причастие, в окончании которого пишется E.',2);
	INSERT INTO Answer (id,questionId,text,correct,comment) OVERRIDING SYSTEM VALUE VALUES (36,3,'за потемневш...м горизонтом',false,'');
	INSERT INTO Answer (id,questionId,text,correct,comment) OVERRIDING SYSTEM VALUE VALUES (37,3,'за улыбавш...мся малышом',false,'');
	INSERT INTO Answer (id,questionId,text,correct,comment) OVERRIDING SYSTEM VALUE VALUES (38,3,'в посветлевш...м воздухе',true,'');
	INSERT INTO Answer (id,questionId,text,correct,comment) OVERRIDING SYSTEM VALUE VALUES (39,3,'перед приближающ...мися каникулами',false,'');
	INSERT INTO Answer (id,questionId,text,correct,comment) OVERRIDING SYSTEM VALUE VALUES (40,3,'о требуем...м доказательстве',false,'');
	INSERT INTO Answer (id,questionId,text,correct,comment) OVERRIDING SYSTEM VALUE VALUES (41,3,'с выздоровевш...м другом',false,'');
	INSERT INTO Answer (id,questionId,text,correct,comment) OVERRIDING SYSTEM VALUE VALUES (42,3,'грядущ...го века',true,'');
	INSERT INTO Answer (id,questionId,text,correct,comment) OVERRIDING SYSTEM VALUE VALUES (43,3,'сбывающ...хся желаний',false,'');
	INSERT INTO Answer (id,questionId,text,correct,comment) OVERRIDING SYSTEM VALUE VALUES (44,3,'плачущ...му ребенку',true,'');
	INSERT INTO Answer (id,questionId,text,correct,comment) OVERRIDING SYSTEM VALUE VALUES (45,3,'темнеющ...м горизонтом',false,'');
	INSERT INTO Answer (id,questionId,text,correct,comment) OVERRIDING SYSTEM VALUE VALUES (46,3,'из написанн...го письма',false,'');
	INSERT INTO Answer (id,questionId,text,correct,comment) OVERRIDING SYSTEM VALUE VALUES (47,3,'с раскрасневш...мся лицомм',false,'');
INSERT INTO Question (id,realmId,ruleId,type,text,number) OVERRIDING SYSTEM VALUE VALUES (4,-1,2,1,'Среди данных ниже словосочетаний, выберите словосочетание, в котором причастие выделяется запятой (знаки препинания не расставлены).',1);
	INSERT INTO Answer (id,questionId,text,correct,comment) OVERRIDING SYSTEM VALUE VALUES (48,4,'ветерок пахнущий морем',true,'');
	INSERT INTO Answer (id,questionId,text,correct,comment) OVERRIDING SYSTEM VALUE VALUES (49,4,'сваренные в соленом растворе омары',false,'');
	INSERT INTO Answer (id,questionId,text,correct,comment) OVERRIDING SYSTEM VALUE VALUES (50,4,'засыпанные снегом ветви',false,'');
	INSERT INTO Answer (id,questionId,text,correct,comment) OVERRIDING SYSTEM VALUE VALUES (51,4,'выделенное маркером предложение',false,'');
	INSERT INTO Answer (id,questionId,text,correct,comment) OVERRIDING SYSTEM VALUE VALUES (52,4,'освещенная луной дорога',false,'');
	INSERT INTO Answer (id,questionId,text,correct,comment) OVERRIDING SYSTEM VALUE VALUES (53,4,'жареный поросенок разрезанный на порции',true,'');
	INSERT INTO Answer (id,questionId,text,correct,comment) OVERRIDING SYSTEM VALUE VALUES (54,4,'едущий поезд',false,'');
	INSERT INTO Answer (id,questionId,text,correct,comment) OVERRIDING SYSTEM VALUE VALUES (55,4,'политый глазурью торт',false,'');
	INSERT INTO Answer (id,questionId,text,correct,comment) OVERRIDING SYSTEM VALUE VALUES (56,4,'письмо написанное директором',true,'');
	INSERT INTO Answer (id,questionId,text,correct,comment) OVERRIDING SYSTEM VALUE VALUES (57,4,'выигравшая соревнования команда',false,'');
	INSERT INTO Answer (id,questionId,text,correct,comment) OVERRIDING SYSTEM VALUE VALUES (58,4,'алеющий закат',false,'');
	INSERT INTO Answer (id,questionId,text,correct,comment) OVERRIDING SYSTEM VALUE VALUES (59,4,'раскрашенная картинка',false,'');
INSERT INTO Question (id,realmId,ruleId,type,text,number) OVERRIDING SYSTEM VALUE VALUES (5,-1,3,1,'Выберите среди данных причастий страдательное.',1);
	INSERT INTO Answer (id,questionId,text,correct,comment) OVERRIDING SYSTEM VALUE VALUES (64,5,'едущий',false,'');
	INSERT INTO Answer (id,questionId,text,correct,comment) OVERRIDING SYSTEM VALUE VALUES (65,5,'плывущий',false,'');
	INSERT INTO Answer (id,questionId,text,correct,comment) OVERRIDING SYSTEM VALUE VALUES (66,5,'покрашенный',true,'');
	INSERT INTO Answer (id,questionId,text,correct,comment) OVERRIDING SYSTEM VALUE VALUES (67,5,'бегущий',false,'');
	INSERT INTO Answer (id,questionId,text,correct,comment) OVERRIDING SYSTEM VALUE VALUES (68,5,'сшитый',true,'');
	INSERT INTO Answer (id,questionId,text,correct,comment) OVERRIDING SYSTEM VALUE VALUES (69,5,'рисовавший',false,'');
	INSERT INTO Answer (id,questionId,text,correct,comment) OVERRIDING SYSTEM VALUE VALUES (70,5,'плачущий',false,'');
	INSERT INTO Answer (id,questionId,text,correct,comment) OVERRIDING SYSTEM VALUE VALUES (71,5,'посадивший',false,'');
	INSERT INTO Answer (id,questionId,text,correct,comment) OVERRIDING SYSTEM VALUE VALUES (60,5,'пишущий',false,'');
	INSERT INTO Answer (id,questionId,text,correct,comment) OVERRIDING SYSTEM VALUE VALUES (61,5,'моющий',false,'');
	INSERT INTO Answer (id,questionId,text,correct,comment) OVERRIDING SYSTEM VALUE VALUES (62,5,'идущий',false,'');
	INSERT INTO Answer (id,questionId,text,correct,comment) OVERRIDING SYSTEM VALUE VALUES (63,5,'написанный',true,'');
INSERT INTO Question (id,realmId,ruleId,type,text,number) OVERRIDING SYSTEM VALUE VALUES (6,-1,3,1,'Выберите среди данных причастий действительное.',2);
	INSERT INTO Answer (id,questionId,text,correct,comment) OVERRIDING SYSTEM VALUE VALUES (80,6,'побелевший',true,'');
	INSERT INTO Answer (id,questionId,text,correct,comment) OVERRIDING SYSTEM VALUE VALUES (81,6,'связанный',false,'');
	INSERT INTO Answer (id,questionId,text,correct,comment) OVERRIDING SYSTEM VALUE VALUES (82,6,'любимый',false,'');
	INSERT INTO Answer (id,questionId,text,correct,comment) OVERRIDING SYSTEM VALUE VALUES (83,6,'распиленный',false,'');
	INSERT INTO Answer (id,questionId,text,correct,comment) OVERRIDING SYSTEM VALUE VALUES (72,6,'снятый',false,'');
	INSERT INTO Answer (id,questionId,text,correct,comment) OVERRIDING SYSTEM VALUE VALUES (73,6,'одетый',false,'');
	INSERT INTO Answer (id,questionId,text,correct,comment) OVERRIDING SYSTEM VALUE VALUES (74,6,'покрытый',false,'');
	INSERT INTO Answer (id,questionId,text,correct,comment) OVERRIDING SYSTEM VALUE VALUES (75,6,'сломавшийся',true,'');
	INSERT INTO Answer (id,questionId,text,correct,comment) OVERRIDING SYSTEM VALUE VALUES (76,6,'поставленный',false,'');
	INSERT INTO Answer (id,questionId,text,correct,comment) OVERRIDING SYSTEM VALUE VALUES (77,6,'поваленный',false,'');
	INSERT INTO Answer (id,questionId,text,correct,comment) OVERRIDING SYSTEM VALUE VALUES (78,6,'улыбающийся',true,'');
	INSERT INTO Answer (id,questionId,text,correct,comment) OVERRIDING SYSTEM VALUE VALUES (79,6,'проколотый',false,'');
INSERT INTO Question (id,realmId,ruleId,type,text,number) OVERRIDING SYSTEM VALUE VALUES (7,-1,3,1,'Найдите среди данных словосочетаний словосочетание со страдательным причастием.',3);
	INSERT INTO Answer (id,questionId,text,correct,comment) OVERRIDING SYSTEM VALUE VALUES (84,7,'посаженный росток',true,'');
	INSERT INTO Answer (id,questionId,text,correct,comment) OVERRIDING SYSTEM VALUE VALUES (85,7,'опавшие с дерева',false,'');
	INSERT INTO Answer (id,questionId,text,correct,comment) OVERRIDING SYSTEM VALUE VALUES (86,7,'сидящая девочка',false,'');
	INSERT INTO Answer (id,questionId,text,correct,comment) OVERRIDING SYSTEM VALUE VALUES (87,7,'расколовшийся орех',false,'');
	INSERT INTO Answer (id,questionId,text,correct,comment) OVERRIDING SYSTEM VALUE VALUES (88,7,'засыпанные аллеи',true,'');
	INSERT INTO Answer (id,questionId,text,correct,comment) OVERRIDING SYSTEM VALUE VALUES (89,7,'мерцающие звезды',false,'');
	INSERT INTO Answer (id,questionId,text,correct,comment) OVERRIDING SYSTEM VALUE VALUES (90,7,'бодрящий воздух',false,'');
	INSERT INTO Answer (id,questionId,text,correct,comment) OVERRIDING SYSTEM VALUE VALUES (91,7,'распускающаяся зелень',false,'');
	INSERT INTO Answer (id,questionId,text,correct,comment) OVERRIDING SYSTEM VALUE VALUES (92,7,'приближающийся вечер',false,'');
	INSERT INTO Answer (id,questionId,text,correct,comment) OVERRIDING SYSTEM VALUE VALUES (93,7,'убранный снег',true,'');
	INSERT INTO Answer (id,questionId,text,correct,comment) OVERRIDING SYSTEM VALUE VALUES (94,7,'ведущая к саду дорожка',false,'');
	INSERT INTO Answer (id,questionId,text,correct,comment) OVERRIDING SYSTEM VALUE VALUES (95,7,'рисующий мальчик',false,'');
INSERT INTO Question (id,realmId,ruleId,type,text,number) OVERRIDING SYSTEM VALUE VALUES (8,-1,3,1,'Выберите среди данных словосочетаний словосочетание с действительным причастием.',4);
	INSERT INTO Answer (id,questionId,text,correct,comment) OVERRIDING SYSTEM VALUE VALUES (96,8,'передаваемые материалы',false,'');
	INSERT INTO Answer (id,questionId,text,correct,comment) OVERRIDING SYSTEM VALUE VALUES (97,8,'выписанный рецепт',false,'');
	INSERT INTO Answer (id,questionId,text,correct,comment) OVERRIDING SYSTEM VALUE VALUES (98,8,'утоляющее боль лекарство',true,'');
	INSERT INTO Answer (id,questionId,text,correct,comment) OVERRIDING SYSTEM VALUE VALUES (99,8,'вымытые окна',false,'');
	INSERT INTO Answer (id,questionId,text,correct,comment) OVERRIDING SYSTEM VALUE VALUES (100,8,'плывущие облака',true,'');
	INSERT INTO Answer (id,questionId,text,correct,comment) OVERRIDING SYSTEM VALUE VALUES (101,8,'ремонтируемый кран',false,'');
	INSERT INTO Answer (id,questionId,text,correct,comment) OVERRIDING SYSTEM VALUE VALUES (102,8,'написанная книга',false,'');
	INSERT INTO Answer (id,questionId,text,correct,comment) OVERRIDING SYSTEM VALUE VALUES (103,8,'покрашенный забор',false,'');
	INSERT INTO Answer (id,questionId,text,correct,comment) OVERRIDING SYSTEM VALUE VALUES (104,8,'потушенный огонь',false,'');
	INSERT INTO Answer (id,questionId,text,correct,comment) OVERRIDING SYSTEM VALUE VALUES (105,8,'пилящий бревна дровосек',true,'');
	INSERT INTO Answer (id,questionId,text,correct,comment) OVERRIDING SYSTEM VALUE VALUES (106,8,'сыгранный матч',false,'');
	INSERT INTO Answer (id,questionId,text,correct,comment) OVERRIDING SYSTEM VALUE VALUES (107,8,'читаемый девочкой рассказ',false,'');
INSERT INTO Question (id,realmId,ruleId,type,text,number) OVERRIDING SYSTEM VALUE VALUES (9,-1,4,1,'Найдите среди данных причастий причастие, от которого не может быть образована краткая форма.',0);
	INSERT INTO Answer (id,questionId,text,correct,comment) OVERRIDING SYSTEM VALUE VALUES (112,9,'ухоженный',false,'');
	INSERT INTO Answer (id,questionId,text,correct,comment) OVERRIDING SYSTEM VALUE VALUES (113,9,'решающий',true,'');
	INSERT INTO Answer (id,questionId,text,correct,comment) OVERRIDING SYSTEM VALUE VALUES (114,9,'пропитанный',false,'');
	INSERT INTO Answer (id,questionId,text,correct,comment) OVERRIDING SYSTEM VALUE VALUES (115,9,'нарисованный',false,'');
	INSERT INTO Answer (id,questionId,text,correct,comment) OVERRIDING SYSTEM VALUE VALUES (116,9,'рассмотренный',false,'');
	INSERT INTO Answer (id,questionId,text,correct,comment) OVERRIDING SYSTEM VALUE VALUES (117,9,'подготовленный',false,'');
	INSERT INTO Answer (id,questionId,text,correct,comment) OVERRIDING SYSTEM VALUE VALUES (118,9,'собирающий',true,'');
	INSERT INTO Answer (id,questionId,text,correct,comment) OVERRIDING SYSTEM VALUE VALUES (119,9,'составленный',false,'');
	INSERT INTO Answer (id,questionId,text,correct,comment) OVERRIDING SYSTEM VALUE VALUES (108,9,'построенный',false,'');
	INSERT INTO Answer (id,questionId,text,correct,comment) OVERRIDING SYSTEM VALUE VALUES (109,9,'посланный',false,'');
	INSERT INTO Answer (id,questionId,text,correct,comment) OVERRIDING SYSTEM VALUE VALUES (110,9,'бегущий',true,'');
	INSERT INTO Answer (id,questionId,text,correct,comment) OVERRIDING SYSTEM VALUE VALUES (111,9,'оказанный',false,'');
INSERT INTO Question (id,realmId,ruleId,type,text,number) OVERRIDING SYSTEM VALUE VALUES (10,-1,4,1,'Выберите среди данных причастий причастие, от которого может быть образована краткая форма.',0);
	INSERT INTO Answer (id,questionId,text,correct,comment) OVERRIDING SYSTEM VALUE VALUES (128,10,'зовущий',false,'');
	INSERT INTO Answer (id,questionId,text,correct,comment) OVERRIDING SYSTEM VALUE VALUES (129,10,'умеющий',false,'');
	INSERT INTO Answer (id,questionId,text,correct,comment) OVERRIDING SYSTEM VALUE VALUES (130,10,'созданный',true,'');
	INSERT INTO Answer (id,questionId,text,correct,comment) OVERRIDING SYSTEM VALUE VALUES (131,10,'ведущий',false,'');
	INSERT INTO Answer (id,questionId,text,correct,comment) OVERRIDING SYSTEM VALUE VALUES (120,10,'вспахавший',false,'');
	INSERT INTO Answer (id,questionId,text,correct,comment) OVERRIDING SYSTEM VALUE VALUES (121,10,'прочитанный',true,'');
	INSERT INTO Answer (id,questionId,text,correct,comment) OVERRIDING SYSTEM VALUE VALUES (122,10,'проверивший',false,'');
	INSERT INTO Answer (id,questionId,text,correct,comment) OVERRIDING SYSTEM VALUE VALUES (123,10,'сделавший',false,'');
	INSERT INTO Answer (id,questionId,text,correct,comment) OVERRIDING SYSTEM VALUE VALUES (124,10,'работающий',false,'');
	INSERT INTO Answer (id,questionId,text,correct,comment) OVERRIDING SYSTEM VALUE VALUES (125,10,'распиливший',false,'');
	INSERT INTO Answer (id,questionId,text,correct,comment) OVERRIDING SYSTEM VALUE VALUES (126,10,'заклеенный',true,'');
	INSERT INTO Answer (id,questionId,text,correct,comment) OVERRIDING SYSTEM VALUE VALUES (127,10,'звонивший',false,'');
INSERT INTO Question (id,realmId,ruleId,type,text,number) OVERRIDING SYSTEM VALUE VALUES (11,-1,5,1,'Среди данных причастий найдите причастие, стоящее в краткой форме.',1);
	INSERT INTO Answer (id,questionId,text,correct,comment) OVERRIDING SYSTEM VALUE VALUES (132,11,'проверенный',false,'');
	INSERT INTO Answer (id,questionId,text,correct,comment) OVERRIDING SYSTEM VALUE VALUES (133,11,'сделан',true,'');
	INSERT INTO Answer (id,questionId,text,correct,comment) OVERRIDING SYSTEM VALUE VALUES (134,11,'решённый',false,'');
	INSERT INTO Answer (id,questionId,text,correct,comment) OVERRIDING SYSTEM VALUE VALUES (135,11,'выкачанный',false,'');
	INSERT INTO Answer (id,questionId,text,correct,comment) OVERRIDING SYSTEM VALUE VALUES (136,11,'распиленный',false,'');
	INSERT INTO Answer (id,questionId,text,correct,comment) OVERRIDING SYSTEM VALUE VALUES (137,11,'создан',true,'');
	INSERT INTO Answer (id,questionId,text,correct,comment) OVERRIDING SYSTEM VALUE VALUES (138,11,'вспаханный',false,'');
	INSERT INTO Answer (id,questionId,text,correct,comment) OVERRIDING SYSTEM VALUE VALUES (139,11,'осыпанный',false,'');
	INSERT INTO Answer (id,questionId,text,correct,comment) OVERRIDING SYSTEM VALUE VALUES (140,11,'унизанный',false,'');
	INSERT INTO Answer (id,questionId,text,correct,comment) OVERRIDING SYSTEM VALUE VALUES (141,11,'ведомый',false,'');
	INSERT INTO Answer (id,questionId,text,correct,comment) OVERRIDING SYSTEM VALUE VALUES (142,11,'написан',true,'');
	INSERT INTO Answer (id,questionId,text,correct,comment) OVERRIDING SYSTEM VALUE VALUES (143,11,'положенный',false,'');
