DROP TABLE Realm IF EXISTS;
CREATE TABLE Realm (id INTEGER GENERATED ALWAYS AS IDENTITY PRIMARY KEY, text VARCHAR(20), description VARCHAR(2000), number int);
DROP TABLE Theme IF EXISTS;
CREATE TABLE Theme (id INTEGER GENERATED ALWAYS AS IDENTITY PRIMARY KEY, realmId int, text VARCHAR(2000), number int);
DROP TABLE Rule IF EXISTS;
CREATE TABLE Rule (id INTEGER GENERATED ALWAYS AS IDENTITY PRIMARY KEY, themeId int, text VARCHAR(2000), number int);
DROP TABLE Question IF EXISTS;
CREATE TABLE Question (id INTEGER GENERATED ALWAYS AS IDENTITY PRIMARY KEY, realmId int, type int, text VARCHAR(2000), number int, ruleId int, numberOnExam int);
	DROP TABLE Answer IF EXISTS;
	CREATE TABLE Answer (id INTEGER GENERATED ALWAYS AS IDENTITY PRIMARY KEY, questionId int, correct boolean, text VARCHAR(2000), comment VARCHAR(2000));
DROP TABLE ThemeQuestion IF EXISTS;
CREATE TABLE ThemeQuestion (themeId int, questionId int, PRIMARY KEY(themeId, questionId));
DROP TABLE Image IF EXISTS;
CREATE TABLE Image (id INTEGER GENERATED ALWAYS AS IDENTITY PRIMARY KEY, filename VARCHAR(2000), extension VARCHAR(10));
DROP TABLE UserAnswer IF EXISTS;
CREATE TABLE UserAnswer (id INTEGER GENERATED ALWAYS AS IDENTITY PRIMARY KEY, questionId int, correct boolean);
DROP TABLE ThemeExam IF EXISTS;
CREATE TABLE ThemeExam (id INTEGER GENERATED ALWAYS AS IDENTITY PRIMARY KEY, themeId int, percentage DOUBLE, date TIMESTAMP);
INSERT INTO Realm (id,text,description,number) OVERRIDING SYSTEM VALUE VALUES (0,'РЯ7','Причастие',1);
INSERT INTO Theme (id,realmId,text,number) OVERRIDING SYSTEM VALUE VALUES (0,0,'Как узнать причастие',1);
INSERT INTO Theme (id,realmId,text,number) OVERRIDING SYSTEM VALUE VALUES (1,0,'Безударные гласные в окончаниях причастий',2);
INSERT INTO Theme (id,realmId,text,number) OVERRIDING SYSTEM VALUE VALUES (2,0,'Причастный оборот',3);
INSERT INTO Theme (id,realmId,text,number) OVERRIDING SYSTEM VALUE VALUES (3,0,'Действительные и страдательные причастия',4);
INSERT INTO Theme (id,realmId,text,number) OVERRIDING SYSTEM VALUE VALUES (4,0,'Полные и краткие формы причастий',5);
INSERT INTO Theme (id,realmId,text,number) OVERRIDING SYSTEM VALUE VALUES (5,0,'Причастия настоящего и прошедшего времени',6);
INSERT INTO Theme (id,realmId,text,number) OVERRIDING SYSTEM VALUE VALUES (6,0,'Образование действительных причастий настоящего и прошедшего времени',7);
INSERT INTO Theme (id,realmId,text,number) OVERRIDING SYSTEM VALUE VALUES (7,0,'Образование страдательных причастий настоящего и прошедшего времени',8);
INSERT INTO Theme (id,realmId,text,number) OVERRIDING SYSTEM VALUE VALUES (8,0,'Правописание гласных перед Н и НН в полных и кратких страдательных причастиях',9);
INSERT INTO Theme (id,realmId,text,number) OVERRIDING SYSTEM VALUE VALUES (9,0,'Правописание Н и НН в полных страдательных причастиях и отглагольных прилагательных',10);
INSERT INTO Theme (id,realmId,text,number) OVERRIDING SYSTEM VALUE VALUES (10,0,'Правописание Н и НН в кратких страдательных причастиях ',11);
INSERT INTO Theme (id,realmId,text,number) OVERRIDING SYSTEM VALUE VALUES (11,0,'Правописание НЕ с причастиями',12);
INSERT INTO Theme (id,realmId,text,number) OVERRIDING SYSTEM VALUE VALUES (12,0,'Е и Ё после шипящих в суффиксах страдательных причастий прошедшего времени',13);
INSERT INTO Rule (id,themeId,text,number) OVERRIDING SYSTEM VALUE VALUES (0,0,'Слова, которые образуются от глаголов и называют признак предмета по действию, проявляющийся во времени, называются&nbsp;<strong>причастиями</strong>. Причастие - это особая форма глагола, имеющая признаки глагола и прилагательного.<br />Причастия отвечают на вопросы какой? (каков?), что делающий? что сделавший?<br />Ярким морфемным признаком причастий является наличие суффиксов:<br />-ущ-(-ющ-), -ащ-(-ящ-); -ем-(-ом-), -им-; -вш-, -ш-, -енн-(-ённ-), -нн-, <br />-т-.&nbsp;',1);
INSERT INTO Rule (id,themeId,text,number) OVERRIDING SYSTEM VALUE VALUES (1,1,'Написание безударных гласных в окончаниях причастий определяется так же, как и написание падежных окончаний прилагательных &ndash; по вопросу, задаваемому от определяемого слова.',1);
INSERT INTO Rule (id,themeId,text,number) OVERRIDING SYSTEM VALUE VALUES (2,2,'Причастие с зависимыми от него словами называется причастным оборотом. Причастный оборот, стоящий после определяемого слова, выделяется запятыми (определяемое слово - это слово, от которого задается вопрос к причастию).<br />Причастный оборот, стоящий перед определяемым словом, запятыми не выделяется.',1);
INSERT INTO Rule (id,themeId,text,number) OVERRIDING SYSTEM VALUE VALUES (3,3,'Причастия делятся на действительные и страдательные. <br />Действительные причастия обозначают признак, который создается действием самого предмета. Действительные причастия имеют суффиксы -ущ-(-ющ-), -ащ-(-ящ-), -вш-, -ш-.<br />Страдательные причастия обозначают признак, который создается у одного предмета действием другого предмета. Страдательные причастия имеют суффиксы -ем-(-ом-), -им-, -енн-(-ённ-), -нн-, -т-.',1);
INSERT INTO Rule (id,themeId,text,number) OVERRIDING SYSTEM VALUE VALUES (4,4,'Действительные причастия имеют только полную форму. Страдательные причастия могут иметь и полную, и краткую формы.',1);
INSERT INTO Rule (id,themeId,text,number) OVERRIDING SYSTEM VALUE VALUES (5,4,'Краткая форма страдательного причастия образуется от полной формы.<br />В краткой форме причастия изменяются только по числам и в единственном числе по родам.<br />Краткое причастие мужского рода имеет нулевое окончание.<br />В суффиксах кратких причастий пишется одна буква Н.',2);
INSERT INTO Rule (id,themeId,text,number) OVERRIDING SYSTEM VALUE VALUES (6,5,'Причастия могут быть настоящего и прошедшего времени.&nbsp;<br />Причастий будущего времени не бывает.<br />Суффиксы действительных причастий прошедшего времени: -вш-, -ш-.<br />Суффиксы действительных причастий настоящего времени: -ущ-(-ющ-), <br />-ащ-(-ящ-).<br />Суффиксы страдательных причастий прошедшего времени: -енн-(-ённ-), <br />-нн-, -т-.<br />Суффиксы страдательных причастий настоящего времени: -ом-(-ем-),<br />-им-.',1);
INSERT INTO Rule (id,themeId,text,number) OVERRIDING SYSTEM VALUE VALUES (7,6,'Выбор гласной в суффиксе действительных причастий настоящего времени зависит от спряжения глагола:<br />от глаголов I спряжения образуются причастия с суффиксами -ущ-(-ющ-);<br />от глаголов II спряжения образуются причастия с суффиксами -ащ- <br />(-ящ-).',1);
INSERT INTO Rule (id,themeId,text,number) OVERRIDING SYSTEM VALUE VALUES (8,6,'Действительные причастия прошедшего времени образуются от глаголов совершенного и несовершенного вида.<br />Перед суффиксом причастия сохраняется та же гласная (тот же суффикс), что и в основе инфинитива.',2);
INSERT INTO Rule (id,themeId,text,number) OVERRIDING SYSTEM VALUE VALUES (9,7,'Выбор гласной в суффиксе страдательных причастий настоящего времени зависит от спряжения глагола:<br />от глаголов I спряжения образуются причастия с суффиксами -ем-(-ом-);<br />от глаголов II спряжения образуются причастия с суфииксом -им-.',1);
INSERT INTO Rule (id,themeId,text,number) OVERRIDING SYSTEM VALUE VALUES (10,8,'Если глагол оканчивается на -ать(-ять), то в причастии пишется -а-(-я-)+-нн-.<br />Если глагол оканчивается на -еть, -ить и др., то в причастии пишется <br />-енн-.',1);
INSERT INTO Rule (id,themeId,text,number) OVERRIDING SYSTEM VALUE VALUES (11,9,'В полных страдательных причастиях всегда пишется две НН.<br />Некоторые страдательные причастия могут переходить в прилагательные. Становясь прилагательными, отглагольные слова меняют свое написание, и вместо НН в них пишется Н.<br />В слове пишется НН, если:<br />1) в слове есть приставка (кроме не-);<br />2) при слове есть зависимые слова;<br />3) в слове есть суффиксы -ова-, -ева-, -ирова-;<br />4) слово образовано от бесприставочного глагола совершенного вида.<br />В слове пишется Н, если:<br />1) в слове нет приставки/есть приставка не-;<br />2) при слове не зависимых слов;<br />3) слово образовано от бесприставочного глагола несовершенного вида.',1);
INSERT INTO Rule (id,themeId,text,number) OVERRIDING SYSTEM VALUE VALUES (12,10,'В кратких страдательных причастиях пишется Н, а в полных страдательных причастиях пишется НН.',1);
INSERT INTO Rule (id,themeId,text,number) OVERRIDING SYSTEM VALUE VALUES (13,7,'Страдательные причастия прошедшего времени образуются от переходных глаголов совершенного и несовершенного вида при помощи суффиксов -енн-(-ённ-), -нн-, -т-.<br />Суффикс -нн- используется в том случае, если причастие образовано от глагола на -ать(-ять).<br />Суффикс -енн-(-ённ-) используется в том случае, если причастие образовано от глагола на -ить, -еть.<br />&nbsp;',2);
INSERT INTO Rule (id,themeId,text,number) OVERRIDING SYSTEM VALUE VALUES (14,11,'НЕ с причастиями пишется слитно, если:<br />1) у причастия нет зависимых слов;<br />2) если нет противопоставления с союзом&nbsp;<em>а</em>;<br />3) если причастие без НЕ не употребляется.<br />НЕ с причастиями пишется раздельно, если:<br />1) если у причастия есть зависимые слова;<br />2) если есть противопоставление с союзом&nbsp;<em>а</em>;<br />3) если причастие является кратким.',1);
INSERT INTO Rule (id,themeId,text,number) OVERRIDING SYSTEM VALUE VALUES (15,12,'В суффиксах полных и кратких страдательных причастий прошедшего времени после шипящих под ударением пишется Ё, без ударения пишется Е.',1);
INSERT INTO Question (id,realmId,ruleId,type,text,number,numberOnExam) OVERRIDING SYSTEM VALUE VALUES (0,-1,0,1,'Найдите среди данных слов причастие.',1,1);
	INSERT INTO Answer (id,questionId,text,correct,comment) OVERRIDING SYSTEM VALUE VALUES (0,0,'снежный',false,'');
	INSERT INTO Answer (id,questionId,text,correct,comment) OVERRIDING SYSTEM VALUE VALUES (1,0,'зеленый',false,'');
	INSERT INTO Answer (id,questionId,text,correct,comment) OVERRIDING SYSTEM VALUE VALUES (2,0,'красящий',true,'');
	INSERT INTO Answer (id,questionId,text,correct,comment) OVERRIDING SYSTEM VALUE VALUES (3,0,'веселый',false,'');
	INSERT INTO Answer (id,questionId,text,correct,comment) OVERRIDING SYSTEM VALUE VALUES (4,0,'разноцветный',false,'');
	INSERT INTO Answer (id,questionId,text,correct,comment) OVERRIDING SYSTEM VALUE VALUES (5,0,'написанный',true,'');
	INSERT INTO Answer (id,questionId,text,correct,comment) OVERRIDING SYSTEM VALUE VALUES (6,0,'нежный',false,'');
	INSERT INTO Answer (id,questionId,text,correct,comment) OVERRIDING SYSTEM VALUE VALUES (7,0,'каменный',false,'');
	INSERT INTO Answer (id,questionId,text,correct,comment) OVERRIDING SYSTEM VALUE VALUES (8,0,'оловянный',false,'');
	INSERT INTO Answer (id,questionId,text,correct,comment) OVERRIDING SYSTEM VALUE VALUES (9,0,'мамин',false,'');
	INSERT INTO Answer (id,questionId,text,correct,comment) OVERRIDING SYSTEM VALUE VALUES (10,0,'третий',false,'');
	INSERT INTO Answer (id,questionId,text,correct,comment) OVERRIDING SYSTEM VALUE VALUES (11,0,'снятый',true,'');
	INSERT INTO Answer (id,questionId,text,correct,comment) OVERRIDING SYSTEM VALUE VALUES (431,0,'голубой',false,'test');
	INSERT INTO Answer (id,questionId,text,correct,comment) OVERRIDING SYSTEM VALUE VALUES (432,0,'стеклянный',false,'<span style="display: inline !important; float: none; background-color: #ffffff; color: #000000; font-family: Verdana,Arial,Helvetica,sans-serif; font-size: 14px; font-style: normal; font-variant: normal; font-weight: 400; letter-spacing: normal; line-height: 18.2px; orphans: 2; text-align: left; text-decoration: none; text-indent: 0px; text-transform: none; -webkit-text-stroke-width: 0px; white-space: normal; word-spacing: 0px;">test</span>');
	INSERT INTO Answer (id,questionId,text,correct,comment) OVERRIDING SYSTEM VALUE VALUES (433,0,'пятый',false,'<span style="display: inline !important; float: none; background-color: #ffffff; color: #000000; font-family: Verdana,Arial,Helvetica,sans-serif; font-size: 14px; font-style: normal; font-variant: normal; font-weight: 400; letter-spacing: normal; line-height: 18.2px; orphans: 2; text-align: left; text-decoration: none; text-indent: 0px; text-transform: none; -webkit-text-stroke-width: 0px; white-space: normal; word-spacing: 0px;">test</span>');
	INSERT INTO Answer (id,questionId,text,correct,comment) OVERRIDING SYSTEM VALUE VALUES (434,0,'поставленный',true,'<span style="display: inline !important; float: none; background-color: #ffffff; color: #000000; font-family: Verdana,Arial,Helvetica,sans-serif; font-size: 14px; font-style: normal; font-variant: normal; font-weight: 400; letter-spacing: normal; line-height: 18.2px; orphans: 2; text-align: left; text-decoration: none; text-indent: 0px; text-transform: none; -webkit-text-stroke-width: 0px; white-space: normal; word-spacing: 0px;">test</span>');
INSERT INTO Question (id,realmId,ruleId,type,text,number,numberOnExam) OVERRIDING SYSTEM VALUE VALUES (1,-1,0,1,'Найдите среди данных словосочетаний словосочетание &laquo;причастие+существительное&raquo;.',2,0);
	INSERT INTO Answer (id,questionId,text,correct,comment) OVERRIDING SYSTEM VALUE VALUES (16,1,'стеклянная чашка',false,'');
	INSERT INTO Answer (id,questionId,text,correct,comment) OVERRIDING SYSTEM VALUE VALUES (17,1,'работающий мальчик',true,'');
	INSERT INTO Answer (id,questionId,text,correct,comment) OVERRIDING SYSTEM VALUE VALUES (18,1,'красивая девочка',false,'');
	INSERT INTO Answer (id,questionId,text,correct,comment) OVERRIDING SYSTEM VALUE VALUES (19,1,'серебряные сережки',false,'');
	INSERT INTO Answer (id,questionId,text,correct,comment) OVERRIDING SYSTEM VALUE VALUES (20,1,'покрашенный забор',true,'');
	INSERT INTO Answer (id,questionId,text,correct,comment) OVERRIDING SYSTEM VALUE VALUES (21,1,'горький вкус',false,'');
	INSERT INTO Answer (id,questionId,text,correct,comment) OVERRIDING SYSTEM VALUE VALUES (22,1,'великолепное платье',false,'');
	INSERT INTO Answer (id,questionId,text,correct,comment) OVERRIDING SYSTEM VALUE VALUES (23,1,'интересный рассказ',false,'');
	INSERT INTO Answer (id,questionId,text,correct,comment) OVERRIDING SYSTEM VALUE VALUES (12,1,'зеленеющая листва',true,'');
	INSERT INTO Answer (id,questionId,text,correct,comment) OVERRIDING SYSTEM VALUE VALUES (13,1,'жестяное ведро',false,'');
	INSERT INTO Answer (id,questionId,text,correct,comment) OVERRIDING SYSTEM VALUE VALUES (14,1,'теплое молоко',false,'');
	INSERT INTO Answer (id,questionId,text,correct,comment) OVERRIDING SYSTEM VALUE VALUES (15,1,'волчий хвост',false,'');
INSERT INTO Question (id,realmId,ruleId,type,text,number,numberOnExam) OVERRIDING SYSTEM VALUE VALUES (2,-1,1,1,'Найдите среди данных причастий причастие, в окончании которого пишется И.',1,2);
	INSERT INTO Answer (id,questionId,text,correct,comment) OVERRIDING SYSTEM VALUE VALUES (32,2,'о льющ...мся дожде',false,'');
	INSERT INTO Answer (id,questionId,text,correct,comment) OVERRIDING SYSTEM VALUE VALUES (33,2,'в голубеющ...м просторе',false,'');
	INSERT INTO Answer (id,questionId,text,correct,comment) OVERRIDING SYSTEM VALUE VALUES (34,2,'от спеющ...х ягод',true,'');
	INSERT INTO Answer (id,questionId,text,correct,comment) OVERRIDING SYSTEM VALUE VALUES (35,2,'из передаваем...го послания',false,'');
	INSERT INTO Answer (id,questionId,text,correct,comment) OVERRIDING SYSTEM VALUE VALUES (435,2,'у горящ...го костра',false,'<span style="display: inline !important; float: none; background-color: #ffffff; color: #000000; font-family: Verdana,Arial,Helvetica,sans-serif; font-size: 14px; font-style: normal; font-variant: normal; font-weight: 400; letter-spacing: normal; line-height: 18.2px; orphans: 2; text-align: left; text-decoration: none; text-indent: 0px; text-transform: none; -webkit-text-stroke-width: 0px; white-space: normal; word-spacing: 0px;">test</span>');
	INSERT INTO Answer (id,questionId,text,correct,comment) OVERRIDING SYSTEM VALUE VALUES (436,2,'плачущ...го младенца',false,'<span style="display: inline !important; float: none; background-color: #ffffff; color: #000000; font-family: Verdana,Arial,Helvetica,sans-serif; font-size: 14px; font-style: normal; font-variant: normal; font-weight: 400; letter-spacing: normal; line-height: 18.2px; orphans: 2; text-align: left; text-decoration: none; text-indent: 0px; text-transform: none; -webkit-text-stroke-width: 0px; white-space: normal; word-spacing: 0px;">test</span>');
	INSERT INTO Answer (id,questionId,text,correct,comment) OVERRIDING SYSTEM VALUE VALUES (437,2,'с поникш...м цветком',true,'<span style="display: inline !important; float: none; background-color: #ffffff; color: #000000; font-family: Verdana,Arial,Helvetica,sans-serif; font-size: 14px; font-style: normal; font-variant: normal; font-weight: 400; letter-spacing: normal; line-height: 18.2px; orphans: 2; text-align: left; text-decoration: none; text-indent: 0px; text-transform: none; -webkit-text-stroke-width: 0px; white-space: normal; word-spacing: 0px;">test</span>');
	INSERT INTO Answer (id,questionId,text,correct,comment) OVERRIDING SYSTEM VALUE VALUES (438,2,'о пострадавш...м юноше',false,'<span style="display: inline !important; float: none; background-color: #ffffff; color: #000000; font-family: Verdana,Arial,Helvetica,sans-serif; font-size: 14px; font-style: normal; font-variant: normal; font-weight: 400; letter-spacing: normal; line-height: 18.2px; orphans: 2; text-align: left; text-decoration: none; text-indent: 0px; text-transform: none; -webkit-text-stroke-width: 0px; white-space: normal; word-spacing: 0px;">test</span>');
	INSERT INTO Answer (id,questionId,text,correct,comment) OVERRIDING SYSTEM VALUE VALUES (24,2,'в проснувш...мся лесу',false,'');
	INSERT INTO Answer (id,questionId,text,correct,comment) OVERRIDING SYSTEM VALUE VALUES (25,2,'на трепещущ...х листьях',true,'');
	INSERT INTO Answer (id,questionId,text,correct,comment) OVERRIDING SYSTEM VALUE VALUES (26,2,'от тающ...го снега',false,'');
	INSERT INTO Answer (id,questionId,text,correct,comment) OVERRIDING SYSTEM VALUE VALUES (27,2,'у рокочущ...го моря',false,'');
	INSERT INTO Answer (id,questionId,text,correct,comment) OVERRIDING SYSTEM VALUE VALUES (28,2,'пропадающ...х голосов',true,'');
	INSERT INTO Answer (id,questionId,text,correct,comment) OVERRIDING SYSTEM VALUE VALUES (29,2,'на рисуем...м плакате',false,'');
	INSERT INTO Answer (id,questionId,text,correct,comment) OVERRIDING SYSTEM VALUE VALUES (30,2,'в царивш...й тишине',false,'');
	INSERT INTO Answer (id,questionId,text,correct,comment) OVERRIDING SYSTEM VALUE VALUES (31,2,'на прогнувш...мся мосту',false,'');
INSERT INTO Question (id,realmId,ruleId,type,text,number,numberOnExam) OVERRIDING SYSTEM VALUE VALUES (3,-1,1,1,'Найдите среди данных причастий причастие, в окончании которого пишется E.',2,2);
	INSERT INTO Answer (id,questionId,text,correct,comment) OVERRIDING SYSTEM VALUE VALUES (36,3,'за потемневш...м горизонтом',false,'');
	INSERT INTO Answer (id,questionId,text,correct,comment) OVERRIDING SYSTEM VALUE VALUES (37,3,'за улыбавш...мся малышом',false,'');
	INSERT INTO Answer (id,questionId,text,correct,comment) OVERRIDING SYSTEM VALUE VALUES (38,3,'в посветлевш...м воздухе',true,'');
	INSERT INTO Answer (id,questionId,text,correct,comment) OVERRIDING SYSTEM VALUE VALUES (39,3,'перед приближающ...мися каникулами',false,'');
	INSERT INTO Answer (id,questionId,text,correct,comment) OVERRIDING SYSTEM VALUE VALUES (40,3,'о требуем...м доказательстве',false,'');
	INSERT INTO Answer (id,questionId,text,correct,comment) OVERRIDING SYSTEM VALUE VALUES (41,3,'с выздоровевш...м другом',false,'');
	INSERT INTO Answer (id,questionId,text,correct,comment) OVERRIDING SYSTEM VALUE VALUES (42,3,'грядущ...го века',true,'');
	INSERT INTO Answer (id,questionId,text,correct,comment) OVERRIDING SYSTEM VALUE VALUES (43,3,'сбывающ...хся желаний',false,'');
	INSERT INTO Answer (id,questionId,text,correct,comment) OVERRIDING SYSTEM VALUE VALUES (44,3,'плачущ...му ребенку',true,'');
	INSERT INTO Answer (id,questionId,text,correct,comment) OVERRIDING SYSTEM VALUE VALUES (45,3,'темнеющ...м горизонтом',false,'');
	INSERT INTO Answer (id,questionId,text,correct,comment) OVERRIDING SYSTEM VALUE VALUES (46,3,'из написанн...го письма',false,'');
	INSERT INTO Answer (id,questionId,text,correct,comment) OVERRIDING SYSTEM VALUE VALUES (47,3,'с раскрасневш...мся лицом',false,'');
	INSERT INTO Answer (id,questionId,text,correct,comment) OVERRIDING SYSTEM VALUE VALUES (439,3,'спеющ...м виноградом',false,'<span style="display: inline !important; float: none; background-color: #ffffff; color: #000000; font-family: Verdana,Arial,Helvetica,sans-serif; font-size: 14px; font-style: normal; font-variant: normal; font-weight: 400; letter-spacing: normal; line-height: 18.2px; orphans: 2; text-align: left; text-decoration: none; text-indent: 0px; text-transform: none; -webkit-text-stroke-width: 0px; white-space: normal; word-spacing: 0px;">test</span>');
	INSERT INTO Answer (id,questionId,text,correct,comment) OVERRIDING SYSTEM VALUE VALUES (440,3,'поющ...му человеку',true,'<span style="display: inline !important; float: none; background-color: #ffffff; color: #000000; font-family: Verdana,Arial,Helvetica,sans-serif; font-size: 14px; font-style: normal; font-variant: normal; font-weight: 400; letter-spacing: normal; line-height: 18.2px; orphans: 2; text-align: left; text-decoration: none; text-indent: 0px; text-transform: none; -webkit-text-stroke-width: 0px; white-space: normal; word-spacing: 0px;">test</span>');
	INSERT INTO Answer (id,questionId,text,correct,comment) OVERRIDING SYSTEM VALUE VALUES (441,3,'о сбывш...хся желаниях',false,'<span style="display: inline !important; float: none; background-color: #ffffff; color: #000000; font-family: Verdana,Arial,Helvetica,sans-serif; font-size: 14px; font-style: normal; font-variant: normal; font-weight: 400; letter-spacing: normal; line-height: 18.2px; orphans: 2; text-align: left; text-decoration: none; text-indent: 0px; text-transform: none; -webkit-text-stroke-width: 0px; white-space: normal; word-spacing: 0px;">test</span>');
	INSERT INTO Answer (id,questionId,text,correct,comment) OVERRIDING SYSTEM VALUE VALUES (442,3,'перед колеблющ...мся пламенем',false,'<span style="display: inline !important; float: none; background-color: #ffffff; color: #000000; font-family: Verdana,Arial,Helvetica,sans-serif; font-size: 14px; font-style: normal; font-variant: normal; font-weight: 400; letter-spacing: normal; line-height: 18.2px; orphans: 2; text-align: left; text-decoration: none; text-indent: 0px; text-transform: none; -webkit-text-stroke-width: 0px; white-space: normal; word-spacing: 0px;">test</span>');
INSERT INTO Question (id,realmId,ruleId,type,text,number,numberOnExam) OVERRIDING SYSTEM VALUE VALUES (4,-1,2,1,'Среди данных ниже словосочетаний выберите словосочетание, в котором причастный оборот выделяется запятой (знаки препинания не расставлены).',1,3);
	INSERT INTO Answer (id,questionId,text,correct,comment) OVERRIDING SYSTEM VALUE VALUES (48,4,'ветерок пахнущий морем',true,'');
	INSERT INTO Answer (id,questionId,text,correct,comment) OVERRIDING SYSTEM VALUE VALUES (49,4,'сваренные в соленом растворе омары',false,'');
	INSERT INTO Answer (id,questionId,text,correct,comment) OVERRIDING SYSTEM VALUE VALUES (50,4,'засыпанные снегом ветви',false,'');
	INSERT INTO Answer (id,questionId,text,correct,comment) OVERRIDING SYSTEM VALUE VALUES (51,4,'выделенное маркером предложение',false,'');
	INSERT INTO Answer (id,questionId,text,correct,comment) OVERRIDING SYSTEM VALUE VALUES (52,4,'освещенная луной дорога',false,'');
	INSERT INTO Answer (id,questionId,text,correct,comment) OVERRIDING SYSTEM VALUE VALUES (53,4,'жареный поросенок разрезанный на порции',true,'');
	INSERT INTO Answer (id,questionId,text,correct,comment) OVERRIDING SYSTEM VALUE VALUES (54,4,'едущий по рельсам поезд',false,'');
	INSERT INTO Answer (id,questionId,text,correct,comment) OVERRIDING SYSTEM VALUE VALUES (55,4,'политый глазурью торт',false,'');
	INSERT INTO Answer (id,questionId,text,correct,comment) OVERRIDING SYSTEM VALUE VALUES (56,4,'письмо написанное директором',true,'');
	INSERT INTO Answer (id,questionId,text,correct,comment) OVERRIDING SYSTEM VALUE VALUES (57,4,'выигравшая соревнования команда',false,'');
	INSERT INTO Answer (id,questionId,text,correct,comment) OVERRIDING SYSTEM VALUE VALUES (58,4,'шедший из Одессы в Крым пароход',false,'');
	INSERT INTO Answer (id,questionId,text,correct,comment) OVERRIDING SYSTEM VALUE VALUES (59,4,'раскрашенная фломастерами картинка',false,'');
	INSERT INTO Answer (id,questionId,text,correct,comment) OVERRIDING SYSTEM VALUE VALUES (443,4,'ученица получившая хорошую оценку',true,'<span style="display: inline !important; float: none; background-color: #ffffff; color: #000000; font-family: Verdana,Arial,Helvetica,sans-serif; font-size: 14px; font-style: normal; font-variant: normal; font-weight: 400; letter-spacing: normal; line-height: 18.2px; orphans: 2; text-align: left; text-decoration: none; text-indent: 0px; text-transform: none; -webkit-text-stroke-width: 0px; white-space: normal; word-spacing: 0px;">test</span>');
	INSERT INTO Answer (id,questionId,text,correct,comment) OVERRIDING SYSTEM VALUE VALUES (444,4,'стремительно падающий камень',false,'<span style="display: inline !important; float: none; background-color: #ffffff; color: #000000; font-family: Verdana,Arial,Helvetica,sans-serif; font-size: 14px; font-style: normal; font-variant: normal; font-weight: 400; letter-spacing: normal; line-height: 18.2px; orphans: 2; text-align: left; text-decoration: none; text-indent: 0px; text-transform: none; -webkit-text-stroke-width: 0px; white-space: normal; word-spacing: 0px;">test</span>');
	INSERT INTO Answer (id,questionId,text,correct,comment) OVERRIDING SYSTEM VALUE VALUES (445,4,'облетевший осенью тополь',false,'<span style="display: inline !important; float: none; background-color: #ffffff; color: #000000; font-family: Verdana,Arial,Helvetica,sans-serif; font-size: 14px; font-style: normal; font-variant: normal; font-weight: 400; letter-spacing: normal; line-height: 18.2px; orphans: 2; text-align: left; text-decoration: none; text-indent: 0px; text-transform: none; -webkit-text-stroke-width: 0px; white-space: normal; word-spacing: 0px;">test</span>');
	INSERT INTO Answer (id,questionId,text,correct,comment) OVERRIDING SYSTEM VALUE VALUES (446,4,'недавно выздоровевший человек',false,'<span style="display: inline !important; float: none; background-color: #ffffff; color: #000000; font-family: Verdana,Arial,Helvetica,sans-serif; font-size: 14px; font-style: normal; font-variant: normal; font-weight: 400; letter-spacing: normal; line-height: 18.2px; orphans: 2; text-align: left; text-decoration: none; text-indent: 0px; text-transform: none; -webkit-text-stroke-width: 0px; white-space: normal; word-spacing: 0px;">test</span>');
INSERT INTO Question (id,realmId,ruleId,type,text,number,numberOnExam) OVERRIDING SYSTEM VALUE VALUES (5,-1,3,1,'Выберите среди данных причастий страдательное.',1,4);
	INSERT INTO Answer (id,questionId,text,correct,comment) OVERRIDING SYSTEM VALUE VALUES (64,5,'едущий',false,'');
	INSERT INTO Answer (id,questionId,text,correct,comment) OVERRIDING SYSTEM VALUE VALUES (448,5,'погасивший',false,'<span style="display: inline !important; float: none; background-color: #ffffff; color: #000000; font-family: Verdana,Arial,Helvetica,sans-serif; font-size: 14px; font-style: normal; font-variant: normal; font-weight: 400; letter-spacing: normal; line-height: 18.2px; orphans: 2; text-align: left; text-decoration: none; text-indent: 0px; text-transform: none; -webkit-text-stroke-width: 0px; white-space: normal; word-spacing: 0px;">test</span>');
	INSERT INTO Answer (id,questionId,text,correct,comment) OVERRIDING SYSTEM VALUE VALUES (65,5,'плывущий',false,'');
	INSERT INTO Answer (id,questionId,text,correct,comment) OVERRIDING SYSTEM VALUE VALUES (449,5,'потерянный',true,'<span style="display: inline !important; float: none; background-color: #ffffff; color: #000000; font-family: Verdana,Arial,Helvetica,sans-serif; font-size: 14px; font-style: normal; font-variant: normal; font-weight: 400; letter-spacing: normal; line-height: 18.2px; orphans: 2; text-align: left; text-decoration: none; text-indent: 0px; text-transform: none; -webkit-text-stroke-width: 0px; white-space: normal; word-spacing: 0px;">test</span>');
	INSERT INTO Answer (id,questionId,text,correct,comment) OVERRIDING SYSTEM VALUE VALUES (66,5,'покрашенный',true,'');
	INSERT INTO Answer (id,questionId,text,correct,comment) OVERRIDING SYSTEM VALUE VALUES (450,5,'нападающий',false,'<span style="display: inline !important; float: none; background-color: #ffffff; color: #000000; font-family: Verdana,Arial,Helvetica,sans-serif; font-size: 14px; font-style: normal; font-variant: normal; font-weight: 400; letter-spacing: normal; line-height: 18.2px; orphans: 2; text-align: left; text-decoration: none; text-indent: 0px; text-transform: none; -webkit-text-stroke-width: 0px; white-space: normal; word-spacing: 0px;">test</span>');
	INSERT INTO Answer (id,questionId,text,correct,comment) OVERRIDING SYSTEM VALUE VALUES (67,5,'бегущий',false,'');
	INSERT INTO Answer (id,questionId,text,correct,comment) OVERRIDING SYSTEM VALUE VALUES (68,5,'сшитый',true,'');
	INSERT INTO Answer (id,questionId,text,correct,comment) OVERRIDING SYSTEM VALUE VALUES (69,5,'рисовавший',false,'');
	INSERT INTO Answer (id,questionId,text,correct,comment) OVERRIDING SYSTEM VALUE VALUES (70,5,'плачущий',false,'');
	INSERT INTO Answer (id,questionId,text,correct,comment) OVERRIDING SYSTEM VALUE VALUES (71,5,'посадивший',false,'');
	INSERT INTO Answer (id,questionId,text,correct,comment) OVERRIDING SYSTEM VALUE VALUES (60,5,'пишущий',false,'');
	INSERT INTO Answer (id,questionId,text,correct,comment) OVERRIDING SYSTEM VALUE VALUES (61,5,'моющий',false,'');
	INSERT INTO Answer (id,questionId,text,correct,comment) OVERRIDING SYSTEM VALUE VALUES (62,5,'идущий',false,'');
	INSERT INTO Answer (id,questionId,text,correct,comment) OVERRIDING SYSTEM VALUE VALUES (63,5,'написанный',true,'');
	INSERT INTO Answer (id,questionId,text,correct,comment) OVERRIDING SYSTEM VALUE VALUES (447,5,'горящий',false,'<span style="display: inline !important; float: none; background-color: #ffffff; color: #000000; font-family: Verdana,Arial,Helvetica,sans-serif; font-size: 14px; font-style: normal; font-variant: normal; font-weight: 400; letter-spacing: normal; line-height: 18.2px; orphans: 2; text-align: left; text-decoration: none; text-indent: 0px; text-transform: none; -webkit-text-stroke-width: 0px; white-space: normal; word-spacing: 0px;">test</span>');
INSERT INTO Question (id,realmId,ruleId,type,text,number,numberOnExam) OVERRIDING SYSTEM VALUE VALUES (6,-1,3,1,'Выберите среди данных причастий действительное.',2,4);
	INSERT INTO Answer (id,questionId,text,correct,comment) OVERRIDING SYSTEM VALUE VALUES (451,6,'стоящий',true,'<span style="display: inline !important; float: none; background-color: #ffffff; color: #000000; font-family: Verdana,Arial,Helvetica,sans-serif; font-size: 14px; font-style: normal; font-variant: normal; font-weight: 400; letter-spacing: normal; line-height: 18.2px; orphans: 2; text-align: left; text-decoration: none; text-indent: 0px; text-transform: none; -webkit-text-stroke-width: 0px; white-space: normal; word-spacing: 0px;">test</span>');
	INSERT INTO Answer (id,questionId,text,correct,comment) OVERRIDING SYSTEM VALUE VALUES (452,6,'облитый',false,'<span style="display: inline !important; float: none; background-color: #ffffff; color: #000000; font-family: Verdana,Arial,Helvetica,sans-serif; font-size: 14px; font-style: normal; font-variant: normal; font-weight: 400; letter-spacing: normal; line-height: 18.2px; orphans: 2; text-align: left; text-decoration: none; text-indent: 0px; text-transform: none; -webkit-text-stroke-width: 0px; white-space: normal; word-spacing: 0px;">test</span>');
	INSERT INTO Answer (id,questionId,text,correct,comment) OVERRIDING SYSTEM VALUE VALUES (453,6,'ведомый',false,'<span style="display: inline !important; float: none; background-color: #ffffff; color: #000000; font-family: Verdana,Arial,Helvetica,sans-serif; font-size: 14px; font-style: normal; font-variant: normal; font-weight: 400; letter-spacing: normal; line-height: 18.2px; orphans: 2; text-align: left; text-decoration: none; text-indent: 0px; text-transform: none; -webkit-text-stroke-width: 0px; white-space: normal; word-spacing: 0px;">test</span>');
	INSERT INTO Answer (id,questionId,text,correct,comment) OVERRIDING SYSTEM VALUE VALUES (454,6,'движимый',false,'<span style="display: inline !important; float: none; background-color: #ffffff; color: #000000; font-family: Verdana,Arial,Helvetica,sans-serif; font-size: 14px; font-style: normal; font-variant: normal; font-weight: 400; letter-spacing: normal; line-height: 18.2px; orphans: 2; text-align: left; text-decoration: none; text-indent: 0px; text-transform: none; -webkit-text-stroke-width: 0px; white-space: normal; word-spacing: 0px;">test</span>');
	INSERT INTO Answer (id,questionId,text,correct,comment) OVERRIDING SYSTEM VALUE VALUES (72,6,'снятый',false,'');
	INSERT INTO Answer (id,questionId,text,correct,comment) OVERRIDING SYSTEM VALUE VALUES (73,6,'одетый',false,'');
	INSERT INTO Answer (id,questionId,text,correct,comment) OVERRIDING SYSTEM VALUE VALUES (74,6,'покрытый',false,'');
	INSERT INTO Answer (id,questionId,text,correct,comment) OVERRIDING SYSTEM VALUE VALUES (75,6,'сломавшийся',true,'');
	INSERT INTO Answer (id,questionId,text,correct,comment) OVERRIDING SYSTEM VALUE VALUES (76,6,'поставленный',false,'');
	INSERT INTO Answer (id,questionId,text,correct,comment) OVERRIDING SYSTEM VALUE VALUES (77,6,'поваленный',false,'');
	INSERT INTO Answer (id,questionId,text,correct,comment) OVERRIDING SYSTEM VALUE VALUES (78,6,'улыбающийся',true,'');
	INSERT INTO Answer (id,questionId,text,correct,comment) OVERRIDING SYSTEM VALUE VALUES (79,6,'проколотый',false,'');
	INSERT INTO Answer (id,questionId,text,correct,comment) OVERRIDING SYSTEM VALUE VALUES (80,6,'побелевший',true,'');
	INSERT INTO Answer (id,questionId,text,correct,comment) OVERRIDING SYSTEM VALUE VALUES (81,6,'связанный',false,'');
	INSERT INTO Answer (id,questionId,text,correct,comment) OVERRIDING SYSTEM VALUE VALUES (82,6,'любимый',false,'');
	INSERT INTO Answer (id,questionId,text,correct,comment) OVERRIDING SYSTEM VALUE VALUES (83,6,'распиленный',false,'');
INSERT INTO Question (id,realmId,ruleId,type,text,number,numberOnExam) OVERRIDING SYSTEM VALUE VALUES (7,-1,3,1,'Найдите среди данных словосочетаний словосочетание со страдательным причастием.',3,0);
	INSERT INTO Answer (id,questionId,text,correct,comment) OVERRIDING SYSTEM VALUE VALUES (84,7,'посаженный росток',true,'');
	INSERT INTO Answer (id,questionId,text,correct,comment) OVERRIDING SYSTEM VALUE VALUES (85,7,'опавшие с дерева',false,'');
	INSERT INTO Answer (id,questionId,text,correct,comment) OVERRIDING SYSTEM VALUE VALUES (86,7,'сидящая девочка',false,'');
	INSERT INTO Answer (id,questionId,text,correct,comment) OVERRIDING SYSTEM VALUE VALUES (87,7,'расколовшийся орех',false,'');
	INSERT INTO Answer (id,questionId,text,correct,comment) OVERRIDING SYSTEM VALUE VALUES (88,7,'засыпанные аллеи',true,'');
	INSERT INTO Answer (id,questionId,text,correct,comment) OVERRIDING SYSTEM VALUE VALUES (89,7,'мерцающие звезды',false,'');
	INSERT INTO Answer (id,questionId,text,correct,comment) OVERRIDING SYSTEM VALUE VALUES (90,7,'бодрящий воздух',false,'');
	INSERT INTO Answer (id,questionId,text,correct,comment) OVERRIDING SYSTEM VALUE VALUES (91,7,'распускающаяся зелень',false,'');
	INSERT INTO Answer (id,questionId,text,correct,comment) OVERRIDING SYSTEM VALUE VALUES (92,7,'приближающийся вечер',false,'');
	INSERT INTO Answer (id,questionId,text,correct,comment) OVERRIDING SYSTEM VALUE VALUES (93,7,'убранный снег',true,'');
	INSERT INTO Answer (id,questionId,text,correct,comment) OVERRIDING SYSTEM VALUE VALUES (94,7,'ведущая к саду дорожка',false,'');
	INSERT INTO Answer (id,questionId,text,correct,comment) OVERRIDING SYSTEM VALUE VALUES (95,7,'рисующий мальчик',false,'');
INSERT INTO Question (id,realmId,ruleId,type,text,number,numberOnExam) OVERRIDING SYSTEM VALUE VALUES (8,-1,3,1,'Выберите среди данных словосочетаний словосочетание с действительным причастием.',4,0);
	INSERT INTO Answer (id,questionId,text,correct,comment) OVERRIDING SYSTEM VALUE VALUES (96,8,'передаваемые материалы',false,'');
	INSERT INTO Answer (id,questionId,text,correct,comment) OVERRIDING SYSTEM VALUE VALUES (97,8,'выписанный рецепт',false,'');
	INSERT INTO Answer (id,questionId,text,correct,comment) OVERRIDING SYSTEM VALUE VALUES (98,8,'утоляющее боль лекарство',true,'');
	INSERT INTO Answer (id,questionId,text,correct,comment) OVERRIDING SYSTEM VALUE VALUES (99,8,'вымытые окна',false,'');
	INSERT INTO Answer (id,questionId,text,correct,comment) OVERRIDING SYSTEM VALUE VALUES (100,8,'плывущие облака',true,'');
	INSERT INTO Answer (id,questionId,text,correct,comment) OVERRIDING SYSTEM VALUE VALUES (101,8,'ремонтируемый кран',false,'');
	INSERT INTO Answer (id,questionId,text,correct,comment) OVERRIDING SYSTEM VALUE VALUES (102,8,'написанная книга',false,'');
	INSERT INTO Answer (id,questionId,text,correct,comment) OVERRIDING SYSTEM VALUE VALUES (103,8,'покрашенный забор',false,'');
	INSERT INTO Answer (id,questionId,text,correct,comment) OVERRIDING SYSTEM VALUE VALUES (104,8,'потушенный огонь',false,'');
	INSERT INTO Answer (id,questionId,text,correct,comment) OVERRIDING SYSTEM VALUE VALUES (105,8,'пилящий бревна дровосек',true,'');
	INSERT INTO Answer (id,questionId,text,correct,comment) OVERRIDING SYSTEM VALUE VALUES (106,8,'сыгранный матч',false,'');
	INSERT INTO Answer (id,questionId,text,correct,comment) OVERRIDING SYSTEM VALUE VALUES (107,8,'читаемый девочкой рассказ',false,'');
INSERT INTO Question (id,realmId,ruleId,type,text,number,numberOnExam) OVERRIDING SYSTEM VALUE VALUES (9,-1,4,1,'Найдите среди данных причастий причастие, от которого не может быть образована краткая форма.',0,0);
	INSERT INTO Answer (id,questionId,text,correct,comment) OVERRIDING SYSTEM VALUE VALUES (112,9,'ухоженный',false,'');
	INSERT INTO Answer (id,questionId,text,correct,comment) OVERRIDING SYSTEM VALUE VALUES (113,9,'решающий',true,'');
	INSERT INTO Answer (id,questionId,text,correct,comment) OVERRIDING SYSTEM VALUE VALUES (114,9,'пропитанный',false,'');
	INSERT INTO Answer (id,questionId,text,correct,comment) OVERRIDING SYSTEM VALUE VALUES (115,9,'нарисованный',false,'');
	INSERT INTO Answer (id,questionId,text,correct,comment) OVERRIDING SYSTEM VALUE VALUES (116,9,'рассмотренный',false,'');
	INSERT INTO Answer (id,questionId,text,correct,comment) OVERRIDING SYSTEM VALUE VALUES (117,9,'подготовленный',false,'');
	INSERT INTO Answer (id,questionId,text,correct,comment) OVERRIDING SYSTEM VALUE VALUES (118,9,'собирающий',true,'');
	INSERT INTO Answer (id,questionId,text,correct,comment) OVERRIDING SYSTEM VALUE VALUES (119,9,'составленный',false,'');
	INSERT INTO Answer (id,questionId,text,correct,comment) OVERRIDING SYSTEM VALUE VALUES (108,9,'построенный',false,'');
	INSERT INTO Answer (id,questionId,text,correct,comment) OVERRIDING SYSTEM VALUE VALUES (109,9,'посланный',false,'');
	INSERT INTO Answer (id,questionId,text,correct,comment) OVERRIDING SYSTEM VALUE VALUES (110,9,'бегущий',true,'');
	INSERT INTO Answer (id,questionId,text,correct,comment) OVERRIDING SYSTEM VALUE VALUES (111,9,'оказанный',false,'');
INSERT INTO Question (id,realmId,ruleId,type,text,number,numberOnExam) OVERRIDING SYSTEM VALUE VALUES (10,-1,4,1,'Выберите среди данных причастий причастие, от которого может быть образована краткая форма.',0,0);
	INSERT INTO Answer (id,questionId,text,correct,comment) OVERRIDING SYSTEM VALUE VALUES (128,10,'зовущий',false,'');
	INSERT INTO Answer (id,questionId,text,correct,comment) OVERRIDING SYSTEM VALUE VALUES (129,10,'умеющий',false,'');
	INSERT INTO Answer (id,questionId,text,correct,comment) OVERRIDING SYSTEM VALUE VALUES (130,10,'созданный',true,'');
	INSERT INTO Answer (id,questionId,text,correct,comment) OVERRIDING SYSTEM VALUE VALUES (131,10,'ведущий',false,'');
	INSERT INTO Answer (id,questionId,text,correct,comment) OVERRIDING SYSTEM VALUE VALUES (120,10,'вспахавший',false,'');
	INSERT INTO Answer (id,questionId,text,correct,comment) OVERRIDING SYSTEM VALUE VALUES (121,10,'прочитанный',true,'');
	INSERT INTO Answer (id,questionId,text,correct,comment) OVERRIDING SYSTEM VALUE VALUES (122,10,'проверивший',false,'');
	INSERT INTO Answer (id,questionId,text,correct,comment) OVERRIDING SYSTEM VALUE VALUES (123,10,'сделавший',false,'');
	INSERT INTO Answer (id,questionId,text,correct,comment) OVERRIDING SYSTEM VALUE VALUES (124,10,'работающий',false,'');
	INSERT INTO Answer (id,questionId,text,correct,comment) OVERRIDING SYSTEM VALUE VALUES (125,10,'распиливший',false,'');
	INSERT INTO Answer (id,questionId,text,correct,comment) OVERRIDING SYSTEM VALUE VALUES (126,10,'заклеенный',true,'');
	INSERT INTO Answer (id,questionId,text,correct,comment) OVERRIDING SYSTEM VALUE VALUES (127,10,'звонивший',false,'');
INSERT INTO Question (id,realmId,ruleId,type,text,number,numberOnExam) OVERRIDING SYSTEM VALUE VALUES (11,-1,5,1,'Среди данных причастий найдите причастие, стоящее в краткой форме.',1,5);
	INSERT INTO Answer (id,questionId,text,correct,comment) OVERRIDING SYSTEM VALUE VALUES (132,11,'проверенный',false,'');
	INSERT INTO Answer (id,questionId,text,correct,comment) OVERRIDING SYSTEM VALUE VALUES (133,11,'сделан',true,'');
	INSERT INTO Answer (id,questionId,text,correct,comment) OVERRIDING SYSTEM VALUE VALUES (134,11,'решённый',false,'');
	INSERT INTO Answer (id,questionId,text,correct,comment) OVERRIDING SYSTEM VALUE VALUES (135,11,'выкачанный',false,'');
	INSERT INTO Answer (id,questionId,text,correct,comment) OVERRIDING SYSTEM VALUE VALUES (455,11,'улыбающийся',false,'<span style="display: inline !important; float: none; background-color: #ffffff; color: #000000; font-family: Verdana,Arial,Helvetica,sans-serif; font-size: 14px; font-style: normal; font-variant: normal; font-weight: 400; letter-spacing: normal; line-height: 18.2px; orphans: 2; text-align: left; text-decoration: none; text-indent: 0px; text-transform: none; -webkit-text-stroke-width: 0px; white-space: normal; word-spacing: 0px;">test</span>');
	INSERT INTO Answer (id,questionId,text,correct,comment) OVERRIDING SYSTEM VALUE VALUES (136,11,'распиленный',false,'');
	INSERT INTO Answer (id,questionId,text,correct,comment) OVERRIDING SYSTEM VALUE VALUES (456,11,'положен',true,'<span style="display: inline !important; float: none; background-color: #ffffff; color: #000000; font-family: Verdana,Arial,Helvetica,sans-serif; font-size: 14px; font-style: normal; font-variant: normal; font-weight: 400; letter-spacing: normal; line-height: 18.2px; orphans: 2; text-align: left; text-decoration: none; text-indent: 0px; text-transform: none; -webkit-text-stroke-width: 0px; white-space: normal; word-spacing: 0px;">test</span>');
	INSERT INTO Answer (id,questionId,text,correct,comment) OVERRIDING SYSTEM VALUE VALUES (137,11,'создан',true,'');
	INSERT INTO Answer (id,questionId,text,correct,comment) OVERRIDING SYSTEM VALUE VALUES (457,11,'успевший',false,'<span style="display: inline !important; float: none; background-color: #ffffff; color: #000000; font-family: Verdana,Arial,Helvetica,sans-serif; font-size: 14px; font-style: normal; font-variant: normal; font-weight: 400; letter-spacing: normal; line-height: 18.2px; orphans: 2; text-align: left; text-decoration: none; text-indent: 0px; text-transform: none; -webkit-text-stroke-width: 0px; white-space: normal; word-spacing: 0px;">test</span>');
	INSERT INTO Answer (id,questionId,text,correct,comment) OVERRIDING SYSTEM VALUE VALUES (138,11,'вспаханный',false,'');
	INSERT INTO Answer (id,questionId,text,correct,comment) OVERRIDING SYSTEM VALUE VALUES (458,11,'читаемый',false,'<span style="display: inline !important; float: none; background-color: #ffffff; color: #000000; font-family: Verdana,Arial,Helvetica,sans-serif; font-size: 14px; font-style: normal; font-variant: normal; font-weight: 400; letter-spacing: normal; line-height: 18.2px; orphans: 2; text-align: left; text-decoration: none; text-indent: 0px; text-transform: none; -webkit-text-stroke-width: 0px; white-space: normal; word-spacing: 0px;">test</span>');
	INSERT INTO Answer (id,questionId,text,correct,comment) OVERRIDING SYSTEM VALUE VALUES (139,11,'осыпанный',false,'');
	INSERT INTO Answer (id,questionId,text,correct,comment) OVERRIDING SYSTEM VALUE VALUES (140,11,'унизанный',false,'');
	INSERT INTO Answer (id,questionId,text,correct,comment) OVERRIDING SYSTEM VALUE VALUES (141,11,'ведомый',false,'');
	INSERT INTO Answer (id,questionId,text,correct,comment) OVERRIDING SYSTEM VALUE VALUES (142,11,'написан',true,'');
	INSERT INTO Answer (id,questionId,text,correct,comment) OVERRIDING SYSTEM VALUE VALUES (143,11,'положенный',false,'');
INSERT INTO Question (id,realmId,ruleId,type,text,number,numberOnExam) OVERRIDING SYSTEM VALUE VALUES (12,-1,6,1,'Найдите среди данных причастий действительное причастие прошедшего времени.',1,6);
	INSERT INTO Answer (id,questionId,text,correct,comment) OVERRIDING SYSTEM VALUE VALUES (459,12,'покрывающий',false,'<span style="display: inline !important; float: none; background-color: #ffffff; color: #000000; font-family: Verdana,Arial,Helvetica,sans-serif; font-size: 14px; font-style: normal; font-variant: normal; font-weight: 400; letter-spacing: normal; line-height: 18.2px; orphans: 2; text-align: left; text-decoration: none; text-indent: 0px; text-transform: none; -webkit-text-stroke-width: 0px; white-space: normal; word-spacing: 0px;">test</span>');
	INSERT INTO Answer (id,questionId,text,correct,comment) OVERRIDING SYSTEM VALUE VALUES (460,12,'сшитый',false,'<span style="display: inline !important; float: none; background-color: #ffffff; color: #000000; font-family: Verdana,Arial,Helvetica,sans-serif; font-size: 14px; font-style: normal; font-variant: normal; font-weight: 400; letter-spacing: normal; line-height: 18.2px; orphans: 2; text-align: left; text-decoration: none; text-indent: 0px; text-transform: none; -webkit-text-stroke-width: 0px; white-space: normal; word-spacing: 0px;">test</span>');
	INSERT INTO Answer (id,questionId,text,correct,comment) OVERRIDING SYSTEM VALUE VALUES (461,12,'игравший',true,'<span style="display: inline !important; float: none; background-color: #ffffff; color: #000000; font-family: Verdana,Arial,Helvetica,sans-serif; font-size: 14px; font-style: normal; font-variant: normal; font-weight: 400; letter-spacing: normal; line-height: 18.2px; orphans: 2; text-align: left; text-decoration: none; text-indent: 0px; text-transform: none; -webkit-text-stroke-width: 0px; white-space: normal; word-spacing: 0px;">test</span>');
	INSERT INTO Answer (id,questionId,text,correct,comment) OVERRIDING SYSTEM VALUE VALUES (462,12,'манящий',false,'<span style="display: inline !important; float: none; background-color: #ffffff; color: #000000; font-family: Verdana,Arial,Helvetica,sans-serif; font-size: 14px; font-style: normal; font-variant: normal; font-weight: 400; letter-spacing: normal; line-height: 18.2px; orphans: 2; text-align: left; text-decoration: none; text-indent: 0px; text-transform: none; -webkit-text-stroke-width: 0px; white-space: normal; word-spacing: 0px;">test</span>');
	INSERT INTO Answer (id,questionId,text,correct,comment) OVERRIDING SYSTEM VALUE VALUES (144,12,'застывший',true,'');
	INSERT INTO Answer (id,questionId,text,correct,comment) OVERRIDING SYSTEM VALUE VALUES (145,12,'вьющийся',false,'');
	INSERT INTO Answer (id,questionId,text,correct,comment) OVERRIDING SYSTEM VALUE VALUES (146,12,'названный',false,'');
	INSERT INTO Answer (id,questionId,text,correct,comment) OVERRIDING SYSTEM VALUE VALUES (147,12,'поднимающийся',false,'');
	INSERT INTO Answer (id,questionId,text,correct,comment) OVERRIDING SYSTEM VALUE VALUES (148,12,'посланный',false,'');
	INSERT INTO Answer (id,questionId,text,correct,comment) OVERRIDING SYSTEM VALUE VALUES (149,12,'написавший',true,'');
	INSERT INTO Answer (id,questionId,text,correct,comment) OVERRIDING SYSTEM VALUE VALUES (150,12,'пишущий',false,'');
	INSERT INTO Answer (id,questionId,text,correct,comment) OVERRIDING SYSTEM VALUE VALUES (151,12,'читаемый',false,'');
	INSERT INTO Answer (id,questionId,text,correct,comment) OVERRIDING SYSTEM VALUE VALUES (152,12,'сидевший',true,'');
	INSERT INTO Answer (id,questionId,text,correct,comment) OVERRIDING SYSTEM VALUE VALUES (153,12,'краснеющий',false,'');
	INSERT INTO Answer (id,questionId,text,correct,comment) OVERRIDING SYSTEM VALUE VALUES (154,12,'разозленный',false,'');
	INSERT INTO Answer (id,questionId,text,correct,comment) OVERRIDING SYSTEM VALUE VALUES (155,12,'обозначенный',false,'');
INSERT INTO Question (id,realmId,ruleId,type,text,number,numberOnExam) OVERRIDING SYSTEM VALUE VALUES (13,-1,6,1,'Выберите из данных причастий страдательное причастие прошедшего времени.',2,6);
	INSERT INTO Answer (id,questionId,text,correct,comment) OVERRIDING SYSTEM VALUE VALUES (160,13,'отредактированный',true,'');
	INSERT INTO Answer (id,questionId,text,correct,comment) OVERRIDING SYSTEM VALUE VALUES (161,13,'шьющий',false,'');
	INSERT INTO Answer (id,questionId,text,correct,comment) OVERRIDING SYSTEM VALUE VALUES (162,13,'гасимый',false,'');
	INSERT INTO Answer (id,questionId,text,correct,comment) OVERRIDING SYSTEM VALUE VALUES (163,13,'распластавшийся',false,'');
	INSERT INTO Answer (id,questionId,text,correct,comment) OVERRIDING SYSTEM VALUE VALUES (164,13,'зеленеющий',false,'');
	INSERT INTO Answer (id,questionId,text,correct,comment) OVERRIDING SYSTEM VALUE VALUES (165,13,'покрашенный',true,'');
	INSERT INTO Answer (id,questionId,text,correct,comment) OVERRIDING SYSTEM VALUE VALUES (166,13,'летящий',false,'');
	INSERT INTO Answer (id,questionId,text,correct,comment) OVERRIDING SYSTEM VALUE VALUES (167,13,'шумевший',false,'');
	INSERT INTO Answer (id,questionId,text,correct,comment) OVERRIDING SYSTEM VALUE VALUES (467,13,'плакавший',false,'test');
	INSERT INTO Answer (id,questionId,text,correct,comment) OVERRIDING SYSTEM VALUE VALUES (468,13,'побеждаемый',false,'<span style="display: inline !important; float: none; background-color: #ffffff; color: #000000; font-family: Verdana,Arial,Helvetica,sans-serif; font-size: 14px; font-style: normal; font-variant: normal; font-weight: 400; letter-spacing: normal; line-height: 18.2px; orphans: 2; text-align: left; text-decoration: none; text-indent: 0px; text-transform: none; -webkit-text-stroke-width: 0px; white-space: normal; word-spacing: 0px;">test</span>');
	INSERT INTO Answer (id,questionId,text,correct,comment) OVERRIDING SYSTEM VALUE VALUES (469,13,'пишущий',false,'<span style="display: inline !important; float: none; background-color: #ffffff; color: #000000; font-family: Verdana,Arial,Helvetica,sans-serif; font-size: 14px; font-style: normal; font-variant: normal; font-weight: 400; letter-spacing: normal; line-height: 18.2px; orphans: 2; text-align: left; text-decoration: none; text-indent: 0px; text-transform: none; -webkit-text-stroke-width: 0px; white-space: normal; word-spacing: 0px;">test</span>');
	INSERT INTO Answer (id,questionId,text,correct,comment) OVERRIDING SYSTEM VALUE VALUES (470,13,'пройденный',true,'<span style="display: inline !important; float: none; background-color: #ffffff; color: #000000; font-family: Verdana,Arial,Helvetica,sans-serif; font-size: 14px; font-style: normal; font-variant: normal; font-weight: 400; letter-spacing: normal; line-height: 18.2px; orphans: 2; text-align: left; text-decoration: none; text-indent: 0px; text-transform: none; -webkit-text-stroke-width: 0px; white-space: normal; word-spacing: 0px;">test</span>');
	INSERT INTO Answer (id,questionId,text,correct,comment) OVERRIDING SYSTEM VALUE VALUES (156,13,'бегущий',false,'');
	INSERT INTO Answer (id,questionId,text,correct,comment) OVERRIDING SYSTEM VALUE VALUES (157,13,'раздававшийся',false,'');
	INSERT INTO Answer (id,questionId,text,correct,comment) OVERRIDING SYSTEM VALUE VALUES (158,13,'танцующий',false,'');
	INSERT INTO Answer (id,questionId,text,correct,comment) OVERRIDING SYSTEM VALUE VALUES (159,13,'забытый',true,'');
INSERT INTO Question (id,realmId,ruleId,type,text,number,numberOnExam) OVERRIDING SYSTEM VALUE VALUES (14,-1,6,1,'Найдите среди данных причастий действительное причастие настоящего времени.',3,6);
	INSERT INTO Answer (id,questionId,text,correct,comment) OVERRIDING SYSTEM VALUE VALUES (168,14,'растущий',true,'');
	INSERT INTO Answer (id,questionId,text,correct,comment) OVERRIDING SYSTEM VALUE VALUES (169,14,'певший',false,'');
	INSERT INTO Answer (id,questionId,text,correct,comment) OVERRIDING SYSTEM VALUE VALUES (170,14,'спетый',false,'');
	INSERT INTO Answer (id,questionId,text,correct,comment) OVERRIDING SYSTEM VALUE VALUES (171,14,'рассказанный',false,'');
	INSERT INTO Answer (id,questionId,text,correct,comment) OVERRIDING SYSTEM VALUE VALUES (172,14,'взятый',false,'');
	INSERT INTO Answer (id,questionId,text,correct,comment) OVERRIDING SYSTEM VALUE VALUES (173,14,'мигающий',true,'');
	INSERT INTO Answer (id,questionId,text,correct,comment) OVERRIDING SYSTEM VALUE VALUES (174,14,'поваленный',false,'');
	INSERT INTO Answer (id,questionId,text,correct,comment) OVERRIDING SYSTEM VALUE VALUES (175,14,'читаемый',false,'');
	INSERT INTO Answer (id,questionId,text,correct,comment) OVERRIDING SYSTEM VALUE VALUES (176,14,'любимый',false,'');
	INSERT INTO Answer (id,questionId,text,correct,comment) OVERRIDING SYSTEM VALUE VALUES (177,14,'просмотренный',false,'');
	INSERT INTO Answer (id,questionId,text,correct,comment) OVERRIDING SYSTEM VALUE VALUES (178,14,'певший',false,'');
	INSERT INTO Answer (id,questionId,text,correct,comment) OVERRIDING SYSTEM VALUE VALUES (179,14,'видящий',true,'');
	INSERT INTO Answer (id,questionId,text,correct,comment) OVERRIDING SYSTEM VALUE VALUES (471,14,'покрыиый',false,'<span style="display: inline !important; float: none; background-color: #ffffff; color: #000000; font-family: Verdana,Arial,Helvetica,sans-serif; font-size: 14px; font-style: normal; font-variant: normal; font-weight: 400; letter-spacing: normal; line-height: 18.2px; orphans: 2; text-align: left; text-decoration: none; text-indent: 0px; text-transform: none; -webkit-text-stroke-width: 0px; white-space: normal; word-spacing: 0px;">test</span>');
	INSERT INTO Answer (id,questionId,text,correct,comment) OVERRIDING SYSTEM VALUE VALUES (472,14,'испекшийй',false,'<span style="display: inline !important; float: none; background-color: #ffffff; color: #000000; font-family: Verdana,Arial,Helvetica,sans-serif; font-size: 14px; font-style: normal; font-variant: normal; font-weight: 400; letter-spacing: normal; line-height: 18.2px; orphans: 2; text-align: left; text-decoration: none; text-indent: 0px; text-transform: none; -webkit-text-stroke-width: 0px; white-space: normal; word-spacing: 0px;">test</span>');
	INSERT INTO Answer (id,questionId,text,correct,comment) OVERRIDING SYSTEM VALUE VALUES (473,14,'говрящий',true,'<span style="display: inline !important; float: none; background-color: #ffffff; color: #000000; font-family: Verdana,Arial,Helvetica,sans-serif; font-size: 14px; font-style: normal; font-variant: normal; font-weight: 400; letter-spacing: normal; line-height: 18.2px; orphans: 2; text-align: left; text-decoration: none; text-indent: 0px; text-transform: none; -webkit-text-stroke-width: 0px; white-space: normal; word-spacing: 0px;">test</span>');
	INSERT INTO Answer (id,questionId,text,correct,comment) OVERRIDING SYSTEM VALUE VALUES (474,14,'покрашенный',false,'<span style="display: inline !important; float: none; background-color: #ffffff; color: #000000; font-family: Verdana,Arial,Helvetica,sans-serif; font-size: 14px; font-style: normal; font-variant: normal; font-weight: 400; letter-spacing: normal; line-height: 18.2px; orphans: 2; text-align: left; text-decoration: none; text-indent: 0px; text-transform: none; -webkit-text-stroke-width: 0px; white-space: normal; word-spacing: 0px;">test</span>');
INSERT INTO Question (id,realmId,ruleId,type,text,number,numberOnExam) OVERRIDING SYSTEM VALUE VALUES (15,-1,6,1,'Найдите среди данных причастий страдательное причастие настоящего времени.',4,6);
	INSERT INTO Answer (id,questionId,text,correct,comment) OVERRIDING SYSTEM VALUE VALUES (463,15,'разбившийся',false,'<span style="display: inline !important; float: none; background-color: #ffffff; color: #000000; font-family: Verdana,Arial,Helvetica,sans-serif; font-size: 14px; font-style: normal; font-variant: normal; font-weight: 400; letter-spacing: normal; line-height: 18.2px; orphans: 2; text-align: left; text-decoration: none; text-indent: 0px; text-transform: none; -webkit-text-stroke-width: 0px; white-space: normal; word-spacing: 0px;">test</span>');
	INSERT INTO Answer (id,questionId,text,correct,comment) OVERRIDING SYSTEM VALUE VALUES (464,15,'закрашенный',false,'<span style="display: inline !important; float: none; background-color: #ffffff; color: #000000; font-family: Verdana,Arial,Helvetica,sans-serif; font-size: 14px; font-style: normal; font-variant: normal; font-weight: 400; letter-spacing: normal; line-height: 18.2px; orphans: 2; text-align: left; text-decoration: none; text-indent: 0px; text-transform: none; -webkit-text-stroke-width: 0px; white-space: normal; word-spacing: 0px;">test</span>');
	INSERT INTO Answer (id,questionId,text,correct,comment) OVERRIDING SYSTEM VALUE VALUES (465,15,'пойманный',false,'<span style="display: inline !important; float: none; background-color: #ffffff; color: #000000; font-family: Verdana,Arial,Helvetica,sans-serif; font-size: 14px; font-style: normal; font-variant: normal; font-weight: 400; letter-spacing: normal; line-height: 18.2px; orphans: 2; text-align: left; text-decoration: none; text-indent: 0px; text-transform: none; -webkit-text-stroke-width: 0px; white-space: normal; word-spacing: 0px;">test</span>');
	INSERT INTO Answer (id,questionId,text,correct,comment) OVERRIDING SYSTEM VALUE VALUES (466,15,'читаемый',true,'<span style="display: inline !important; float: none; background-color: #ffffff; color: #000000; font-family: Verdana,Arial,Helvetica,sans-serif; font-size: 14px; font-style: normal; font-variant: normal; font-weight: 400; letter-spacing: normal; line-height: 18.2px; orphans: 2; text-align: left; text-decoration: none; text-indent: 0px; text-transform: none; -webkit-text-stroke-width: 0px; white-space: normal; word-spacing: 0px;">test</span>');
	INSERT INTO Answer (id,questionId,text,correct,comment) OVERRIDING SYSTEM VALUE VALUES (180,15,'позолоченный',false,'');
	INSERT INTO Answer (id,questionId,text,correct,comment) OVERRIDING SYSTEM VALUE VALUES (181,15,'раскрашенный',false,'');
	INSERT INTO Answer (id,questionId,text,correct,comment) OVERRIDING SYSTEM VALUE VALUES (182,15,'рисуемый',true,'');
	INSERT INTO Answer (id,questionId,text,correct,comment) OVERRIDING SYSTEM VALUE VALUES (183,15,'прибивший',false,'');
	INSERT INTO Answer (id,questionId,text,correct,comment) OVERRIDING SYSTEM VALUE VALUES (184,15,'движимый',true,'');
	INSERT INTO Answer (id,questionId,text,correct,comment) OVERRIDING SYSTEM VALUE VALUES (185,15,'проведенный',false,'');
	INSERT INTO Answer (id,questionId,text,correct,comment) OVERRIDING SYSTEM VALUE VALUES (186,15,'бегущий',false,'');
	INSERT INTO Answer (id,questionId,text,correct,comment) OVERRIDING SYSTEM VALUE VALUES (187,15,'плывший',false,'');
	INSERT INTO Answer (id,questionId,text,correct,comment) OVERRIDING SYSTEM VALUE VALUES (188,15,'высказанный',false,'');
	INSERT INTO Answer (id,questionId,text,correct,comment) OVERRIDING SYSTEM VALUE VALUES (189,15,'мерцавший',false,'');
	INSERT INTO Answer (id,questionId,text,correct,comment) OVERRIDING SYSTEM VALUE VALUES (190,15,'сажаемый',true,'');
	INSERT INTO Answer (id,questionId,text,correct,comment) OVERRIDING SYSTEM VALUE VALUES (191,15,'крутящийся',false,'');
INSERT INTO Question (id,realmId,ruleId,type,text,number,numberOnExam) OVERRIDING SYSTEM VALUE VALUES (16,-1,7,1,'<p>Найдите среди данных причастий причастие с суффиксом -ущ-(-ющ-).</p>',1,7);
	INSERT INTO Answer (id,questionId,text,correct,comment) OVERRIDING SYSTEM VALUE VALUES (192,16,'стро...щий',false,'');
	INSERT INTO Answer (id,questionId,text,correct,comment) OVERRIDING SYSTEM VALUE VALUES (193,16,'дума...щий',true,'');
	INSERT INTO Answer (id,questionId,text,correct,comment) OVERRIDING SYSTEM VALUE VALUES (194,16,'терп...щий',false,'');
	INSERT INTO Answer (id,questionId,text,correct,comment) OVERRIDING SYSTEM VALUE VALUES (195,16,'вид...щий',false,'');
	INSERT INTO Answer (id,questionId,text,correct,comment) OVERRIDING SYSTEM VALUE VALUES (196,16,'шепч...щий',true,'');
	INSERT INTO Answer (id,questionId,text,correct,comment) OVERRIDING SYSTEM VALUE VALUES (197,16,'служ...щий',false,'');
	INSERT INTO Answer (id,questionId,text,correct,comment) OVERRIDING SYSTEM VALUE VALUES (198,16,'крас...щий',false,'');
	INSERT INTO Answer (id,questionId,text,correct,comment) OVERRIDING SYSTEM VALUE VALUES (199,16,'говор...щий',false,'');
	INSERT INTO Answer (id,questionId,text,correct,comment) OVERRIDING SYSTEM VALUE VALUES (200,16,'ла...щий',true,'');
	INSERT INTO Answer (id,questionId,text,correct,comment) OVERRIDING SYSTEM VALUE VALUES (201,16,'крич...щий',false,'');
	INSERT INTO Answer (id,questionId,text,correct,comment) OVERRIDING SYSTEM VALUE VALUES (202,16,'смотр...щий',false,'');
	INSERT INTO Answer (id,questionId,text,correct,comment) OVERRIDING SYSTEM VALUE VALUES (203,16,'леч...щий',false,'');
	INSERT INTO Answer (id,questionId,text,correct,comment) OVERRIDING SYSTEM VALUE VALUES (475,16,'брод...щий',false,'<span style="display: inline !important; float: none; background-color: #ffffff; color: #000000; font-family: Verdana,Arial,Helvetica,sans-serif; font-size: 14px; font-style: normal; font-variant: normal; font-weight: 400; letter-spacing: normal; line-height: 18.2px; orphans: 2; text-align: left; text-decoration: none; text-indent: 0px; text-transform: none; -webkit-text-stroke-width: 0px; white-space: normal; word-spacing: 0px;">test</span>');
	INSERT INTO Answer (id,questionId,text,correct,comment) OVERRIDING SYSTEM VALUE VALUES (476,16,'мо...щий',true,'<span style="display: inline !important; float: none; background-color: #ffffff; color: #000000; font-family: Verdana,Arial,Helvetica,sans-serif; font-size: 14px; font-style: normal; font-variant: normal; font-weight: 400; letter-spacing: normal; line-height: 18.2px; orphans: 2; text-align: left; text-decoration: none; text-indent: 0px; text-transform: none; -webkit-text-stroke-width: 0px; white-space: normal; word-spacing: 0px;">test</span>');
	INSERT INTO Answer (id,questionId,text,correct,comment) OVERRIDING SYSTEM VALUE VALUES (477,16,'крас...щий',false,'<span style="display: inline !important; float: none; background-color: #ffffff; color: #000000; font-family: Verdana,Arial,Helvetica,sans-serif; font-size: 14px; font-style: normal; font-variant: normal; font-weight: 400; letter-spacing: normal; line-height: 18.2px; orphans: 2; text-align: left; text-decoration: none; text-indent: 0px; text-transform: none; -webkit-text-stroke-width: 0px; white-space: normal; word-spacing: 0px;">test</span>');
	INSERT INTO Answer (id,questionId,text,correct,comment) OVERRIDING SYSTEM VALUE VALUES (478,16,'став...щий',false,'<span style="display: inline !important; float: none; background-color: #ffffff; color: #000000; font-family: Verdana,Arial,Helvetica,sans-serif; font-size: 14px; font-style: normal; font-variant: normal; font-weight: 400; letter-spacing: normal; line-height: 18.2px; orphans: 2; text-align: left; text-decoration: none; text-indent: 0px; text-transform: none; -webkit-text-stroke-width: 0px; white-space: normal; word-spacing: 0px;">test</span>');
INSERT INTO Question (id,realmId,ruleId,type,text,number,numberOnExam) OVERRIDING SYSTEM VALUE VALUES (17,-1,7,1,'Найдите среди данных причастий причастие с суффиксом -ащ-(-ящ-).',2,7);
	INSERT INTO Answer (id,questionId,text,correct,comment) OVERRIDING SYSTEM VALUE VALUES (480,17,'кол...щий',false,'<span style="display: inline !important; float: none; background-color: #ffffff; color: #000000; font-family: Verdana,Arial,Helvetica,sans-serif; font-size: 14px; font-style: normal; font-variant: normal; font-weight: 400; letter-spacing: normal; line-height: 18.2px; orphans: 2; text-align: left; text-decoration: none; text-indent: 0px; text-transform: none; -webkit-text-stroke-width: 0px; white-space: normal; word-spacing: 0px;">test</span>');
	INSERT INTO Answer (id,questionId,text,correct,comment) OVERRIDING SYSTEM VALUE VALUES (481,17,'стел...щий',false,'<span style="display: inline !important; float: none; background-color: #ffffff; color: #000000; font-family: Verdana,Arial,Helvetica,sans-serif; font-size: 14px; font-style: normal; font-variant: normal; font-weight: 400; letter-spacing: normal; line-height: 18.2px; orphans: 2; text-align: left; text-decoration: none; text-indent: 0px; text-transform: none; -webkit-text-stroke-width: 0px; white-space: normal; word-spacing: 0px;">test</span>');
	INSERT INTO Answer (id,questionId,text,correct,comment) OVERRIDING SYSTEM VALUE VALUES (482,17,'бре...щий',false,'<span style="display: inline !important; float: none; background-color: #ffffff; color: #000000; font-family: Verdana,Arial,Helvetica,sans-serif; font-size: 14px; font-style: normal; font-variant: normal; font-weight: 400; letter-spacing: normal; line-height: 18.2px; orphans: 2; text-align: left; text-decoration: none; text-indent: 0px; text-transform: none; -webkit-text-stroke-width: 0px; white-space: normal; word-spacing: 0px;">test</span>');
	INSERT INTO Answer (id,questionId,text,correct,comment) OVERRIDING SYSTEM VALUE VALUES (204,17,'маш...щий',false,'');
	INSERT INTO Answer (id,questionId,text,correct,comment) OVERRIDING SYSTEM VALUE VALUES (205,17,'стел...щийся',false,'');
	INSERT INTO Answer (id,questionId,text,correct,comment) OVERRIDING SYSTEM VALUE VALUES (206,17,'кол...щий',false,'');
	INSERT INTO Answer (id,questionId,text,correct,comment) OVERRIDING SYSTEM VALUE VALUES (207,17,'сто...щий',true,'');
	INSERT INTO Answer (id,questionId,text,correct,comment) OVERRIDING SYSTEM VALUE VALUES (208,17,'ро...щий',false,'');
	INSERT INTO Answer (id,questionId,text,correct,comment) OVERRIDING SYSTEM VALUE VALUES (209,17,'дыш...щий',true,'');
	INSERT INTO Answer (id,questionId,text,correct,comment) OVERRIDING SYSTEM VALUE VALUES (210,17,'бор...щийся',false,'');
	INSERT INTO Answer (id,questionId,text,correct,comment) OVERRIDING SYSTEM VALUE VALUES (211,17,'потуха...щий',false,'');
	INSERT INTO Answer (id,questionId,text,correct,comment) OVERRIDING SYSTEM VALUE VALUES (212,17,'слыш...щий',true,'');
	INSERT INTO Answer (id,questionId,text,correct,comment) OVERRIDING SYSTEM VALUE VALUES (213,17,'зелене...щий',false,'');
	INSERT INTO Answer (id,questionId,text,correct,comment) OVERRIDING SYSTEM VALUE VALUES (214,17,'надвига...щийся',false,'');
	INSERT INTO Answer (id,questionId,text,correct,comment) OVERRIDING SYSTEM VALUE VALUES (215,17,'по...щий',false,'');
	INSERT INTO Answer (id,questionId,text,correct,comment) OVERRIDING SYSTEM VALUE VALUES (479,17,'вид...щий',true,'<span style="display: inline !important; float: none; background-color: #ffffff; color: #000000; font-family: Verdana,Arial,Helvetica,sans-serif; font-size: 14px; font-style: normal; font-variant: normal; font-weight: 400; letter-spacing: normal; line-height: 18.2px; orphans: 2; text-align: left; text-decoration: none; text-indent: 0px; text-transform: none; -webkit-text-stroke-width: 0px; white-space: normal; word-spacing: 0px;">test</span>');
INSERT INTO Question (id,realmId,ruleId,type,text,number,numberOnExam) OVERRIDING SYSTEM VALUE VALUES (18,-1,8,1,'Найдите среди данных причастий причастие, перед суффиксом которого пишется буква А.',1,8);
	INSERT INTO Answer (id,questionId,text,correct,comment) OVERRIDING SYSTEM VALUE VALUES (224,18,'постро...вший',false,'');
	INSERT INTO Answer (id,questionId,text,correct,comment) OVERRIDING SYSTEM VALUE VALUES (225,18,'отча...вшийся',false,'');
	INSERT INTO Answer (id,questionId,text,correct,comment) OVERRIDING SYSTEM VALUE VALUES (226,18,'встрет...вший',false,'');
	INSERT INTO Answer (id,questionId,text,correct,comment) OVERRIDING SYSTEM VALUE VALUES (227,18,'царствов...вший',true,'');
	INSERT INTO Answer (id,questionId,text,correct,comment) OVERRIDING SYSTEM VALUE VALUES (483,18,'слыш...вший',true,'<span style="display: inline !important; float: none; background-color: #ffffff; color: #000000; font-family: Verdana,Arial,Helvetica,sans-serif; font-size: 14px; font-style: normal; font-variant: normal; font-weight: 400; letter-spacing: normal; line-height: 18.2px; orphans: 2; text-align: left; text-decoration: none; text-indent: 0px; text-transform: none; -webkit-text-stroke-width: 0px; white-space: normal; word-spacing: 0px;">test</span>');
	INSERT INTO Answer (id,questionId,text,correct,comment) OVERRIDING SYSTEM VALUE VALUES (484,18,'постав...вший',false,'<span style="display: inline !important; float: none; background-color: #ffffff; color: #000000; font-family: Verdana,Arial,Helvetica,sans-serif; font-size: 14px; font-style: normal; font-variant: normal; font-weight: 400; letter-spacing: normal; line-height: 18.2px; orphans: 2; text-align: left; text-decoration: none; text-indent: 0px; text-transform: none; -webkit-text-stroke-width: 0px; white-space: normal; word-spacing: 0px;">test</span>');
	INSERT INTO Answer (id,questionId,text,correct,comment) OVERRIDING SYSTEM VALUE VALUES (485,18,'вид...вший',false,'<span style="display: inline !important; float: none; background-color: #ffffff; color: #000000; font-family: Verdana,Arial,Helvetica,sans-serif; font-size: 14px; font-style: normal; font-variant: normal; font-weight: 400; letter-spacing: normal; line-height: 18.2px; orphans: 2; text-align: left; text-decoration: none; text-indent: 0px; text-transform: none; -webkit-text-stroke-width: 0px; white-space: normal; word-spacing: 0px;">test</span>');
	INSERT INTO Answer (id,questionId,text,correct,comment) OVERRIDING SYSTEM VALUE VALUES (486,18,'муч...вший',false,'<span style="display: inline !important; float: none; background-color: #ffffff; color: #000000; font-family: Verdana,Arial,Helvetica,sans-serif; font-size: 14px; font-style: normal; font-variant: normal; font-weight: 400; letter-spacing: normal; line-height: 18.2px; orphans: 2; text-align: left; text-decoration: none; text-indent: 0px; text-transform: none; -webkit-text-stroke-width: 0px; white-space: normal; word-spacing: 0px;">test</span>');
	INSERT INTO Answer (id,questionId,text,correct,comment) OVERRIDING SYSTEM VALUE VALUES (216,18,'ненавид...вший',false,'');
	INSERT INTO Answer (id,questionId,text,correct,comment) OVERRIDING SYSTEM VALUE VALUES (217,18,'слыш...вший',true,'');
	INSERT INTO Answer (id,questionId,text,correct,comment) OVERRIDING SYSTEM VALUE VALUES (218,18,'обид...вший',false,'');
	INSERT INTO Answer (id,questionId,text,correct,comment) OVERRIDING SYSTEM VALUE VALUES (219,18,'удосто...вшийся',false,'');
	INSERT INTO Answer (id,questionId,text,correct,comment) OVERRIDING SYSTEM VALUE VALUES (220,18,'разве...вший',false,'');
	INSERT INTO Answer (id,questionId,text,correct,comment) OVERRIDING SYSTEM VALUE VALUES (221,18,'посе...вший',false,'');
	INSERT INTO Answer (id,questionId,text,correct,comment) OVERRIDING SYSTEM VALUE VALUES (222,18,'леж...вший',true,'');
	INSERT INTO Answer (id,questionId,text,correct,comment) OVERRIDING SYSTEM VALUE VALUES (223,18,'се...вший',false,'');
INSERT INTO Question (id,realmId,ruleId,type,text,number,numberOnExam) OVERRIDING SYSTEM VALUE VALUES (19,-1,8,1,'Найдите среди данных причастий причастие, перед суффиксом которого пишется буква Е',2,8);
	INSERT INTO Answer (id,questionId,text,correct,comment) OVERRIDING SYSTEM VALUE VALUES (228,19,'почу...вший',false,'');
	INSERT INTO Answer (id,questionId,text,correct,comment) OVERRIDING SYSTEM VALUE VALUES (229,19,'раскле...вший',false,'');
	INSERT INTO Answer (id,questionId,text,correct,comment) OVERRIDING SYSTEM VALUE VALUES (230,19,'обид...вший',true,'');
	INSERT INTO Answer (id,questionId,text,correct,comment) OVERRIDING SYSTEM VALUE VALUES (231,19,'прав...вший',false,'');
	INSERT INTO Answer (id,questionId,text,correct,comment) OVERRIDING SYSTEM VALUE VALUES (487,19,'обид...вший',true,'<span style="display: inline !important; float: none; background-color: #ffffff; color: #000000; font-family: Verdana,Arial,Helvetica,sans-serif; font-size: 14px; font-style: normal; font-variant: normal; font-weight: 400; letter-spacing: normal; line-height: 18.2px; orphans: 2; text-align: left; text-decoration: none; text-indent: 0px; text-transform: none; -webkit-text-stroke-width: 0px; white-space: normal; word-spacing: 0px;">test</span>');
	INSERT INTO Answer (id,questionId,text,correct,comment) OVERRIDING SYSTEM VALUE VALUES (232,19,'отта...вший',false,'');
	INSERT INTO Answer (id,questionId,text,correct,comment) OVERRIDING SYSTEM VALUE VALUES (488,19,'брос...вший',false,'<span style="display: inline !important; float: none; background-color: #ffffff; color: #000000; font-family: Verdana,Arial,Helvetica,sans-serif; font-size: 14px; font-style: normal; font-variant: normal; font-weight: 400; letter-spacing: normal; line-height: 18.2px; orphans: 2; text-align: left; text-decoration: none; text-indent: 0px; text-transform: none; -webkit-text-stroke-width: 0px; white-space: normal; word-spacing: 0px;">test</span>');
	INSERT INTO Answer (id,questionId,text,correct,comment) OVERRIDING SYSTEM VALUE VALUES (233,19,'завис...вший',true,'');
	INSERT INTO Answer (id,questionId,text,correct,comment) OVERRIDING SYSTEM VALUE VALUES (489,19,'ла...вший',false,'<span style="display: inline !important; float: none; background-color: #ffffff; color: #000000; font-family: Verdana,Arial,Helvetica,sans-serif; font-size: 14px; font-style: normal; font-variant: normal; font-weight: 400; letter-spacing: normal; line-height: 18.2px; orphans: 2; text-align: left; text-decoration: none; text-indent: 0px; text-transform: none; -webkit-text-stroke-width: 0px; white-space: normal; word-spacing: 0px;">test</span>');
	INSERT INTO Answer (id,questionId,text,correct,comment) OVERRIDING SYSTEM VALUE VALUES (234,19,'стро...вший',false,'');
	INSERT INTO Answer (id,questionId,text,correct,comment) OVERRIDING SYSTEM VALUE VALUES (235,19,'та...вший',false,'');
	INSERT INTO Answer (id,questionId,text,correct,comment) OVERRIDING SYSTEM VALUE VALUES (236,19,'погас...вший',false,'');
	INSERT INTO Answer (id,questionId,text,correct,comment) OVERRIDING SYSTEM VALUE VALUES (237,19,'сид...вший',true,'');
	INSERT INTO Answer (id,questionId,text,correct,comment) OVERRIDING SYSTEM VALUE VALUES (238,19,'чит...вший',false,'');
	INSERT INTO Answer (id,questionId,text,correct,comment) OVERRIDING SYSTEM VALUE VALUES (239,19,'брос...вший',false,'');
INSERT INTO Question (id,realmId,ruleId,type,text,number,numberOnExam) OVERRIDING SYSTEM VALUE VALUES (20,-1,8,1,'Найдите среди данных причастий причастие, перед суффиксом которого пишется буква И.',3,8);
	INSERT INTO Answer (id,questionId,text,correct,comment) OVERRIDING SYSTEM VALUE VALUES (490,20,'ла...вший',false,'<span style="display: inline !important; float: none; background-color: #ffffff; color: #000000; font-family: Verdana,Arial,Helvetica,sans-serif; font-size: 14px; font-style: normal; font-variant: normal; font-weight: 400; letter-spacing: normal; line-height: 18.2px; orphans: 2; text-align: left; text-decoration: none; text-indent: 0px; text-transform: none; -webkit-text-stroke-width: 0px; white-space: normal; word-spacing: 0px;">test</span>');
	INSERT INTO Answer (id,questionId,text,correct,comment) OVERRIDING SYSTEM VALUE VALUES (491,20,'раскалыв...вшийся',false,'<span style="display: inline !important; float: none; background-color: #ffffff; color: #000000; font-family: Verdana,Arial,Helvetica,sans-serif; font-size: 14px; font-style: normal; font-variant: normal; font-weight: 400; letter-spacing: normal; line-height: 18.2px; orphans: 2; text-align: left; text-decoration: none; text-indent: 0px; text-transform: none; -webkit-text-stroke-width: 0px; white-space: normal; word-spacing: 0px;">test</span>');
	INSERT INTO Answer (id,questionId,text,correct,comment) OVERRIDING SYSTEM VALUE VALUES (492,20,'брос...вший',true,'<span style="display: inline !important; float: none; background-color: #ffffff; color: #000000; font-family: Verdana,Arial,Helvetica,sans-serif; font-size: 14px; font-style: normal; font-variant: normal; font-weight: 400; letter-spacing: normal; line-height: 18.2px; orphans: 2; text-align: left; text-decoration: none; text-indent: 0px; text-transform: none; -webkit-text-stroke-width: 0px; white-space: normal; word-spacing: 0px;">test</span>');
	INSERT INTO Answer (id,questionId,text,correct,comment) OVERRIDING SYSTEM VALUE VALUES (493,20,'ка...вшийся',false,'<span style="display: inline !important; float: none; background-color: #ffffff; color: #000000; font-family: Verdana,Arial,Helvetica,sans-serif; font-size: 14px; font-style: normal; font-variant: normal; font-weight: 400; letter-spacing: normal; line-height: 18.2px; orphans: 2; text-align: left; text-decoration: none; text-indent: 0px; text-transform: none; -webkit-text-stroke-width: 0px; white-space: normal; word-spacing: 0px;">test</span>');
	INSERT INTO Answer (id,questionId,text,correct,comment) OVERRIDING SYSTEM VALUE VALUES (240,20,'рассматрив...вший',false,'');
	INSERT INTO Answer (id,questionId,text,correct,comment) OVERRIDING SYSTEM VALUE VALUES (241,20,'прыг...вший',false,'');
	INSERT INTO Answer (id,questionId,text,correct,comment) OVERRIDING SYSTEM VALUE VALUES (242,20,'бег...вший',false,'');
	INSERT INTO Answer (id,questionId,text,correct,comment) OVERRIDING SYSTEM VALUE VALUES (243,20,'похит...вший',true,'');
	INSERT INTO Answer (id,questionId,text,correct,comment) OVERRIDING SYSTEM VALUE VALUES (244,20,'глад...вший',true,'');
	INSERT INTO Answer (id,questionId,text,correct,comment) OVERRIDING SYSTEM VALUE VALUES (245,20,'выкач...вший',false,'');
	INSERT INTO Answer (id,questionId,text,correct,comment) OVERRIDING SYSTEM VALUE VALUES (246,20,'развеш...вший',false,'');
	INSERT INTO Answer (id,questionId,text,correct,comment) OVERRIDING SYSTEM VALUE VALUES (247,20,'покин...вший',false,'');
	INSERT INTO Answer (id,questionId,text,correct,comment) OVERRIDING SYSTEM VALUE VALUES (248,20,'посват...вшийся',false,'');
	INSERT INTO Answer (id,questionId,text,correct,comment) OVERRIDING SYSTEM VALUE VALUES (249,20,'вытк...вший',false,'');
	INSERT INTO Answer (id,questionId,text,correct,comment) OVERRIDING SYSTEM VALUE VALUES (250,20,'настро...вший',true,'');
	INSERT INTO Answer (id,questionId,text,correct,comment) OVERRIDING SYSTEM VALUE VALUES (251,20,'рассе...вший',false,'');
INSERT INTO Question (id,realmId,ruleId,type,text,number,numberOnExam) OVERRIDING SYSTEM VALUE VALUES (21,-1,8,1,'Найдите среди данных причасти причастие, перед суффиксом которого пишется буква Я.',4,8);
	INSERT INTO Answer (id,questionId,text,correct,comment) OVERRIDING SYSTEM VALUE VALUES (256,21,'ма...вшийся',true,'');
	INSERT INTO Answer (id,questionId,text,correct,comment) OVERRIDING SYSTEM VALUE VALUES (257,21,'штоп...вший',false,'');
	INSERT INTO Answer (id,questionId,text,correct,comment) OVERRIDING SYSTEM VALUE VALUES (258,21,'трезвон...вший',false,'');
	INSERT INTO Answer (id,questionId,text,correct,comment) OVERRIDING SYSTEM VALUE VALUES (259,21,'прикин...вший',false,'');
	INSERT INTO Answer (id,questionId,text,correct,comment) OVERRIDING SYSTEM VALUE VALUES (260,21,'глад...вший',false,'');
	INSERT INTO Answer (id,questionId,text,correct,comment) OVERRIDING SYSTEM VALUE VALUES (261,21,'ла...вший',true,'');
	INSERT INTO Answer (id,questionId,text,correct,comment) OVERRIDING SYSTEM VALUE VALUES (262,21,'маяч...вший',false,'');
	INSERT INTO Answer (id,questionId,text,correct,comment) OVERRIDING SYSTEM VALUE VALUES (263,21,'заклин...вший',false,'');
	INSERT INTO Answer (id,questionId,text,correct,comment) OVERRIDING SYSTEM VALUE VALUES (494,21,'ла...вший',true,'<span style="display: inline !important; float: none; background-color: #ffffff; color: #000000; font-family: Verdana,Arial,Helvetica,sans-serif; font-size: 14px; font-style: normal; font-variant: normal; font-weight: 400; letter-spacing: normal; line-height: 18.2px; orphans: 2; text-align: left; text-decoration: none; text-indent: 0px; text-transform: none; -webkit-text-stroke-width: 0px; white-space: normal; word-spacing: 0px;">test</span>');
	INSERT INTO Answer (id,questionId,text,correct,comment) OVERRIDING SYSTEM VALUE VALUES (495,21,'размаз...вший',false,'<span style="display: inline !important; float: none; background-color: #ffffff; color: #000000; font-family: Verdana,Arial,Helvetica,sans-serif; font-size: 14px; font-style: normal; font-variant: normal; font-weight: 400; letter-spacing: normal; line-height: 18.2px; orphans: 2; text-align: left; text-decoration: none; text-indent: 0px; text-transform: none; -webkit-text-stroke-width: 0px; white-space: normal; word-spacing: 0px;">test</span>');
	INSERT INTO Answer (id,questionId,text,correct,comment) OVERRIDING SYSTEM VALUE VALUES (496,21,'обид...вший',false,'<span style="display: inline !important; float: none; background-color: #ffffff; color: #000000; font-family: Verdana,Arial,Helvetica,sans-serif; font-size: 14px; font-style: normal; font-variant: normal; font-weight: 400; letter-spacing: normal; line-height: 18.2px; orphans: 2; text-align: left; text-decoration: none; text-indent: 0px; text-transform: none; -webkit-text-stroke-width: 0px; white-space: normal; word-spacing: 0px;">test</span>');
	INSERT INTO Answer (id,questionId,text,correct,comment) OVERRIDING SYSTEM VALUE VALUES (497,21,'ненавид...вший',false,'<span style="display: inline !important; float: none; background-color: #ffffff; color: #000000; font-family: Verdana,Arial,Helvetica,sans-serif; font-size: 14px; font-style: normal; font-variant: normal; font-weight: 400; letter-spacing: normal; line-height: 18.2px; orphans: 2; text-align: left; text-decoration: none; text-indent: 0px; text-transform: none; -webkit-text-stroke-width: 0px; white-space: normal; word-spacing: 0px;">test</span>');
	INSERT INTO Answer (id,questionId,text,correct,comment) OVERRIDING SYSTEM VALUE VALUES (252,21,'злослов...вший',false,'');
	INSERT INTO Answer (id,questionId,text,correct,comment) OVERRIDING SYSTEM VALUE VALUES (253,21,'исполн...вший',false,'');
	INSERT INTO Answer (id,questionId,text,correct,comment) OVERRIDING SYSTEM VALUE VALUES (254,21,'пока...вшийся',true,'');
	INSERT INTO Answer (id,questionId,text,correct,comment) OVERRIDING SYSTEM VALUE VALUES (255,21,'намаз...вший',false,'');
INSERT INTO Question (id,realmId,ruleId,type,text,number,numberOnExam) OVERRIDING SYSTEM VALUE VALUES (22,-1,9,1,'Найдите среди данных причастий причастие с суффиксом -ем-(-ом-).',1,9);
	INSERT INTO Answer (id,questionId,text,correct,comment) OVERRIDING SYSTEM VALUE VALUES (264,22,'ненавид...мый',false,'');
	INSERT INTO Answer (id,questionId,text,correct,comment) OVERRIDING SYSTEM VALUE VALUES (265,22,'чита...мый',true,'');
	INSERT INTO Answer (id,questionId,text,correct,comment) OVERRIDING SYSTEM VALUE VALUES (266,22,'вид...мый',false,'');
	INSERT INTO Answer (id,questionId,text,correct,comment) OVERRIDING SYSTEM VALUE VALUES (267,22,'завис...мый',false,'');
	INSERT INTO Answer (id,questionId,text,correct,comment) OVERRIDING SYSTEM VALUE VALUES (268,22,'муч...мый',false,'');
	INSERT INTO Answer (id,questionId,text,correct,comment) OVERRIDING SYSTEM VALUE VALUES (269,22,'слыш...мый',false,'');
	INSERT INTO Answer (id,questionId,text,correct,comment) OVERRIDING SYSTEM VALUE VALUES (270,22,'уважа...мый',true,'');
	INSERT INTO Answer (id,questionId,text,correct,comment) OVERRIDING SYSTEM VALUE VALUES (271,22,'невид...мый',false,'');
	INSERT INTO Answer (id,questionId,text,correct,comment) OVERRIDING SYSTEM VALUE VALUES (272,22,'глад...мый',false,'');
	INSERT INTO Answer (id,questionId,text,correct,comment) OVERRIDING SYSTEM VALUE VALUES (273,22,'забива...мый',true,'');
	INSERT INTO Answer (id,questionId,text,correct,comment) OVERRIDING SYSTEM VALUE VALUES (274,22,'кле...мый',false,'');
	INSERT INTO Answer (id,questionId,text,correct,comment) OVERRIDING SYSTEM VALUE VALUES (498,22,'крас...мый',false,'<span style="display: inline !important; float: none; background-color: #ffffff; color: #000000; font-family: Verdana,Arial,Helvetica,sans-serif; font-size: 14px; font-style: normal; font-variant: normal; font-weight: 400; letter-spacing: normal; line-height: 18.2px; orphans: 2; text-align: left; text-decoration: none; text-indent: 0px; text-transform: none; -webkit-text-stroke-width: 0px; white-space: normal; word-spacing: 0px;">test</span>');
	INSERT INTO Answer (id,questionId,text,correct,comment) OVERRIDING SYSTEM VALUE VALUES (275,22,'слав...мый',false,'');
	INSERT INTO Answer (id,questionId,text,correct,comment) OVERRIDING SYSTEM VALUE VALUES (499,22,'вид...мый',false,'<span style="display: inline !important; float: none; background-color: #ffffff; color: #000000; font-family: Verdana,Arial,Helvetica,sans-serif; font-size: 14px; font-style: normal; font-variant: normal; font-weight: 400; letter-spacing: normal; line-height: 18.2px; orphans: 2; text-align: left; text-decoration: none; text-indent: 0px; text-transform: none; -webkit-text-stroke-width: 0px; white-space: normal; word-spacing: 0px;">test</span>');
	INSERT INTO Answer (id,questionId,text,correct,comment) OVERRIDING SYSTEM VALUE VALUES (500,22,'ненавид...мый',false,'<span style="display: inline !important; float: none; background-color: #ffffff; color: #000000; font-family: Verdana,Arial,Helvetica,sans-serif; font-size: 14px; font-style: normal; font-variant: normal; font-weight: 400; letter-spacing: normal; line-height: 18.2px; orphans: 2; text-align: left; text-decoration: none; text-indent: 0px; text-transform: none; -webkit-text-stroke-width: 0px; white-space: normal; word-spacing: 0px;">test</span>');
	INSERT INTO Answer (id,questionId,text,correct,comment) OVERRIDING SYSTEM VALUE VALUES (501,22,'мо...мый',true,'<span style="display: inline !important; float: none; background-color: #ffffff; color: #000000; font-family: Verdana,Arial,Helvetica,sans-serif; font-size: 14px; font-style: normal; font-variant: normal; font-weight: 400; letter-spacing: normal; line-height: 18.2px; orphans: 2; text-align: left; text-decoration: none; text-indent: 0px; text-transform: none; -webkit-text-stroke-width: 0px; white-space: normal; word-spacing: 0px;">test</span>');
INSERT INTO Question (id,realmId,ruleId,type,text,number,numberOnExam) OVERRIDING SYSTEM VALUE VALUES (23,-1,10,1,'Найдите среди данных причастий причастие, в котором пишется -енн-.',1,0);
	INSERT INTO Answer (id,questionId,text,correct,comment) OVERRIDING SYSTEM VALUE VALUES (276,23,'раскле...нный',true,'');
	INSERT INTO Answer (id,questionId,text,correct,comment) OVERRIDING SYSTEM VALUE VALUES (277,23,'потер...нный',false,'');
	INSERT INTO Answer (id,questionId,text,correct,comment) OVERRIDING SYSTEM VALUE VALUES (278,23,'засе...нный',false,'');
	INSERT INTO Answer (id,questionId,text,correct,comment) OVERRIDING SYSTEM VALUE VALUES (279,23,'разрез...нный',false,'');
	INSERT INTO Answer (id,questionId,text,correct,comment) OVERRIDING SYSTEM VALUE VALUES (280,23,'обяз...нный',false,'');
	INSERT INTO Answer (id,questionId,text,correct,comment) OVERRIDING SYSTEM VALUE VALUES (281,23,'подвеш...нный',true,'');
	INSERT INTO Answer (id,questionId,text,correct,comment) OVERRIDING SYSTEM VALUE VALUES (282,23,'испуг...нный',false,'');
	INSERT INTO Answer (id,questionId,text,correct,comment) OVERRIDING SYSTEM VALUE VALUES (283,23,'насто...нный',false,'');
	INSERT INTO Answer (id,questionId,text,correct,comment) OVERRIDING SYSTEM VALUE VALUES (284,23,'рассе...нный',false,'');
	INSERT INTO Answer (id,questionId,text,correct,comment) OVERRIDING SYSTEM VALUE VALUES (285,23,'ове...нный',false,'');
	INSERT INTO Answer (id,questionId,text,correct,comment) OVERRIDING SYSTEM VALUE VALUES (286,23,'услыш...нный',false,'');
	INSERT INTO Answer (id,questionId,text,correct,comment) OVERRIDING SYSTEM VALUE VALUES (287,23,'выточ...нный',true,'');
INSERT INTO Question (id,realmId,ruleId,type,text,number,numberOnExam) OVERRIDING SYSTEM VALUE VALUES (24,-1,10,1,'Найдите среди данных причастий причастие, в котором пишется <br />-а-(-я-) + -нн-.',2,0);
	INSERT INTO Answer (id,questionId,text,correct,comment) OVERRIDING SYSTEM VALUE VALUES (288,24,'проглоч...нный',false,'');
	INSERT INTO Answer (id,questionId,text,correct,comment) OVERRIDING SYSTEM VALUE VALUES (289,24,'потуш...нный',false,'');
	INSERT INTO Answer (id,questionId,text,correct,comment) OVERRIDING SYSTEM VALUE VALUES (290,24,'расстрел...нный',true,'');
	INSERT INTO Answer (id,questionId,text,correct,comment) OVERRIDING SYSTEM VALUE VALUES (291,24,'посаж...нный',false,'');
	INSERT INTO Answer (id,questionId,text,correct,comment) OVERRIDING SYSTEM VALUE VALUES (292,24,'пойм...нный',true,'');
	INSERT INTO Answer (id,questionId,text,correct,comment) OVERRIDING SYSTEM VALUE VALUES (293,24,'вырубл...нный',false,'');
	INSERT INTO Answer (id,questionId,text,correct,comment) OVERRIDING SYSTEM VALUE VALUES (294,24,'скле...нный',false,'');
	INSERT INTO Answer (id,questionId,text,correct,comment) OVERRIDING SYSTEM VALUE VALUES (295,24,'подстрел...нный',false,'');
	INSERT INTO Answer (id,questionId,text,correct,comment) OVERRIDING SYSTEM VALUE VALUES (296,24,'отвинч...нный',false,'');
	INSERT INTO Answer (id,questionId,text,correct,comment) OVERRIDING SYSTEM VALUE VALUES (297,24,'настро...нный',false,'');
	INSERT INTO Answer (id,questionId,text,correct,comment) OVERRIDING SYSTEM VALUE VALUES (298,24,'размеш...нный',true,'');
	INSERT INTO Answer (id,questionId,text,correct,comment) OVERRIDING SYSTEM VALUE VALUES (299,24,'застел...нный',false,'');
INSERT INTO Question (id,realmId,ruleId,type,text,number,numberOnExam) OVERRIDING SYSTEM VALUE VALUES (25,-1,11,1,'Найдите среди данных словосочетаний словосочетание со словом, в котором пишется Н.',1,11);
	INSERT INTO Answer (id,questionId,text,correct,comment) OVERRIDING SYSTEM VALUE VALUES (514,25,'замороже...ое мясо',false,'<span style="display: inline !important; float: none; background-color: #ffffff; color: #000000; font-family: Verdana,Arial,Helvetica,sans-serif; font-size: 14px; font-style: normal; font-variant: normal; font-weight: 400; letter-spacing: normal; line-height: 18.2px; orphans: 2; text-align: left; text-decoration: none; text-indent: 0px; text-transform: none; -webkit-text-stroke-width: 0px; white-space: normal; word-spacing: 0px;">test</span>');
	INSERT INTO Answer (id,questionId,text,correct,comment) OVERRIDING SYSTEM VALUE VALUES (515,25,'кваше...ая капуста',true,'<span style="display: inline !important; float: none; background-color: #ffffff; color: #000000; font-family: Verdana,Arial,Helvetica,sans-serif; font-size: 14px; font-style: normal; font-variant: normal; font-weight: 400; letter-spacing: normal; line-height: 18.2px; orphans: 2; text-align: left; text-decoration: none; text-indent: 0px; text-transform: none; -webkit-text-stroke-width: 0px; white-space: normal; word-spacing: 0px;">test</span>');
	INSERT INTO Answer (id,questionId,text,correct,comment) OVERRIDING SYSTEM VALUE VALUES (516,25,'жаре...ый с грибами картофель',false,'<span style="display: inline !important; float: none; background-color: #ffffff; color: #000000; font-family: Verdana,Arial,Helvetica,sans-serif; font-size: 14px; font-style: normal; font-variant: normal; font-weight: 400; letter-spacing: normal; line-height: 18.2px; orphans: 2; text-align: left; text-decoration: none; text-indent: 0px; text-transform: none; -webkit-text-stroke-width: 0px; white-space: normal; word-spacing: 0px;">test</span>');
	INSERT INTO Answer (id,questionId,text,correct,comment) OVERRIDING SYSTEM VALUE VALUES (517,25,'связа...ая шаль',false,'<span style="display: inline !important; float: none; background-color: #ffffff; color: #000000; font-family: Verdana,Arial,Helvetica,sans-serif; font-size: 14px; font-style: normal; font-variant: normal; font-weight: 400; letter-spacing: normal; line-height: 18.2px; orphans: 2; text-align: left; text-decoration: none; text-indent: 0px; text-transform: none; -webkit-text-stroke-width: 0px; white-space: normal; word-spacing: 0px;">test</span>');
	INSERT INTO Answer (id,questionId,text,correct,comment) OVERRIDING SYSTEM VALUE VALUES (300,25,'броше...ая палка',false,'');
	INSERT INTO Answer (id,questionId,text,correct,comment) OVERRIDING SYSTEM VALUE VALUES (301,25,'суше...ые в печке грибы',false,'');
	INSERT INTO Answer (id,questionId,text,correct,comment) OVERRIDING SYSTEM VALUE VALUES (302,25,'подкова...ый кузнецом конь',false,'');
	INSERT INTO Answer (id,questionId,text,correct,comment) OVERRIDING SYSTEM VALUE VALUES (303,25,'жаре...ое мясо',true,'');
	INSERT INTO Answer (id,questionId,text,correct,comment) OVERRIDING SYSTEM VALUE VALUES (304,25,'сваре...ый картофель',false,'');
	INSERT INTO Answer (id,questionId,text,correct,comment) OVERRIDING SYSTEM VALUE VALUES (305,25,'некопче...ая рыба',true,'');
	INSERT INTO Answer (id,questionId,text,correct,comment) OVERRIDING SYSTEM VALUE VALUES (306,25,'нагруже...ая машина',false,'');
	INSERT INTO Answer (id,questionId,text,correct,comment) OVERRIDING SYSTEM VALUE VALUES (307,25,'вымоще...ый тротуар',false,'');
	INSERT INTO Answer (id,questionId,text,correct,comment) OVERRIDING SYSTEM VALUE VALUES (308,25,'вяза...ое одеяло',true,'');
	INSERT INTO Answer (id,questionId,text,correct,comment) OVERRIDING SYSTEM VALUE VALUES (309,25,'кипяче...ая в чайнике вода',false,'');
	INSERT INTO Answer (id,questionId,text,correct,comment) OVERRIDING SYSTEM VALUE VALUES (310,25,'постриже...ая голова',false,'');
	INSERT INTO Answer (id,questionId,text,correct,comment) OVERRIDING SYSTEM VALUE VALUES (311,25,'порва...ый рукав',false,'');
INSERT INTO Question (id,realmId,ruleId,type,text,number,numberOnExam) OVERRIDING SYSTEM VALUE VALUES (26,-1,11,1,'Найдите среди данных словосочетаний словосочетание с словом, в котором пишется НН.',2,11);
	INSERT INTO Answer (id,questionId,text,correct,comment) OVERRIDING SYSTEM VALUE VALUES (320,26,'кваше...ая&nbsp; капуста',false,'');
	INSERT INTO Answer (id,questionId,text,correct,comment) OVERRIDING SYSTEM VALUE VALUES (321,26,'поставле...ая чашка',true,'');
	INSERT INTO Answer (id,questionId,text,correct,comment) OVERRIDING SYSTEM VALUE VALUES (322,26,'точе...ый брусок',false,'');
	INSERT INTO Answer (id,questionId,text,correct,comment) OVERRIDING SYSTEM VALUE VALUES (323,26,'жже...ый хворост',false,'');
	INSERT INTO Answer (id,questionId,text,correct,comment) OVERRIDING SYSTEM VALUE VALUES (518,26,'некопче...ое мясо',false,'<span style="display: inline !important; float: none; background-color: #ffffff; color: #000000; font-family: Verdana,Arial,Helvetica,sans-serif; font-size: 14px; font-style: normal; font-variant: normal; font-weight: 400; letter-spacing: normal; line-height: 18.2px; orphans: 2; text-align: left; text-decoration: none; text-indent: 0px; text-transform: none; -webkit-text-stroke-width: 0px; white-space: normal; word-spacing: 0px;">test</span>');
	INSERT INTO Answer (id,questionId,text,correct,comment) OVERRIDING SYSTEM VALUE VALUES (519,26,'вяза...ая кофта',false,'<span style="display: inline !important; float: none; background-color: #ffffff; color: #000000; font-family: Verdana,Arial,Helvetica,sans-serif; font-size: 14px; font-style: normal; font-variant: normal; font-weight: 400; letter-spacing: normal; line-height: 18.2px; orphans: 2; text-align: left; text-decoration: none; text-indent: 0px; text-transform: none; -webkit-text-stroke-width: 0px; white-space: normal; word-spacing: 0px;">test</span>');
	INSERT INTO Answer (id,questionId,text,correct,comment) OVERRIDING SYSTEM VALUE VALUES (520,26,'хорошо прожаре...ое мясо',true,'<span style="display: inline !important; float: none; background-color: #ffffff; color: #000000; font-family: Verdana,Arial,Helvetica,sans-serif; font-size: 14px; font-style: normal; font-variant: normal; font-weight: 400; letter-spacing: normal; line-height: 18.2px; orphans: 2; text-align: left; text-decoration: none; text-indent: 0px; text-transform: none; -webkit-text-stroke-width: 0px; white-space: normal; word-spacing: 0px;">test</span>');
	INSERT INTO Answer (id,questionId,text,correct,comment) OVERRIDING SYSTEM VALUE VALUES (521,26,'мороже...ая рыба',false,'<span style="display: inline !important; float: none; background-color: #ffffff; color: #000000; font-family: Verdana,Arial,Helvetica,sans-serif; font-size: 14px; font-style: normal; font-variant: normal; font-weight: 400; letter-spacing: normal; line-height: 18.2px; orphans: 2; text-align: left; text-decoration: none; text-indent: 0px; text-transform: none; -webkit-text-stroke-width: 0px; white-space: normal; word-spacing: 0px;">test</span>');
	INSERT INTO Answer (id,questionId,text,correct,comment) OVERRIDING SYSTEM VALUE VALUES (312,26,'мороже...ая рыба',false,'');
	INSERT INTO Answer (id,questionId,text,correct,comment) OVERRIDING SYSTEM VALUE VALUES (313,26,'позолоче...ая посуда',true,'');
	INSERT INTO Answer (id,questionId,text,correct,comment) OVERRIDING SYSTEM VALUE VALUES (314,26,'плете...ая корзина',false,'');
	INSERT INTO Answer (id,questionId,text,correct,comment) OVERRIDING SYSTEM VALUE VALUES (315,26,'краше...ый пол',false,'');
	INSERT INTO Answer (id,questionId,text,correct,comment) OVERRIDING SYSTEM VALUE VALUES (316,26,'пута...ое объяснение',false,'');
	INSERT INTO Answer (id,questionId,text,correct,comment) OVERRIDING SYSTEM VALUE VALUES (317,26,'лома...ая линия',false,'');
	INSERT INTO Answer (id,questionId,text,correct,comment) OVERRIDING SYSTEM VALUE VALUES (318,26,'посаже...ый в саду куст',true,'');
	INSERT INTO Answer (id,questionId,text,correct,comment) OVERRIDING SYSTEM VALUE VALUES (319,26,'топле...ое масло',false,'');
INSERT INTO Question (id,realmId,ruleId,type,text,number,numberOnExam) OVERRIDING SYSTEM VALUE VALUES (27,-1,12,1,'Найдите среди данных причастий причастие, в котором пишется Н.',1,12);
	INSERT INTO Answer (id,questionId,text,correct,comment) OVERRIDING SYSTEM VALUE VALUES (324,27,'невида...ый',false,'');
	INSERT INTO Answer (id,questionId,text,correct,comment) OVERRIDING SYSTEM VALUE VALUES (325,27,'заржавле...ый',false,'');
	INSERT INTO Answer (id,questionId,text,correct,comment) OVERRIDING SYSTEM VALUE VALUES (326,27,'испуга...',true,'');
	INSERT INTO Answer (id,questionId,text,correct,comment) OVERRIDING SYSTEM VALUE VALUES (327,27,'закваше...ый',false,'');
	INSERT INTO Answer (id,questionId,text,correct,comment) OVERRIDING SYSTEM VALUE VALUES (328,27,'замороже...ый',false,'');
	INSERT INTO Answer (id,questionId,text,correct,comment) OVERRIDING SYSTEM VALUE VALUES (329,27,'законче...',true,'');
	INSERT INTO Answer (id,questionId,text,correct,comment) OVERRIDING SYSTEM VALUE VALUES (330,27,'сдела...ый',false,'');
	INSERT INTO Answer (id,questionId,text,correct,comment) OVERRIDING SYSTEM VALUE VALUES (522,27,'повале...ый',false,'<span style="display: inline !important; float: none; background-color: #ffffff; color: #000000; font-family: Verdana,Arial,Helvetica,sans-serif; font-size: 14px; font-style: normal; font-variant: normal; font-weight: 400; letter-spacing: normal; line-height: 18.2px; orphans: 2; text-align: left; text-decoration: none; text-indent: 0px; text-transform: none; -webkit-text-stroke-width: 0px; white-space: normal; word-spacing: 0px;">test</span>');
	INSERT INTO Answer (id,questionId,text,correct,comment) OVERRIDING SYSTEM VALUE VALUES (331,27,'рассмотре...ый',false,'');
	INSERT INTO Answer (id,questionId,text,correct,comment) OVERRIDING SYSTEM VALUE VALUES (523,27,'выреза...ый',false,'<span style="display: inline !important; float: none; background-color: #ffffff; color: #000000; font-family: Verdana,Arial,Helvetica,sans-serif; font-size: 14px; font-style: normal; font-variant: normal; font-weight: 400; letter-spacing: normal; line-height: 18.2px; orphans: 2; text-align: left; text-decoration: none; text-indent: 0px; text-transform: none; -webkit-text-stroke-width: 0px; white-space: normal; word-spacing: 0px;">test</span>');
	INSERT INTO Answer (id,questionId,text,correct,comment) OVERRIDING SYSTEM VALUE VALUES (332,27,'восстановле...',true,'');
	INSERT INTO Answer (id,questionId,text,correct,comment) OVERRIDING SYSTEM VALUE VALUES (524,27,'испуга...ый',false,'<span style="display: inline !important; float: none; background-color: #ffffff; color: #000000; font-family: Verdana,Arial,Helvetica,sans-serif; font-size: 14px; font-style: normal; font-variant: normal; font-weight: 400; letter-spacing: normal; line-height: 18.2px; orphans: 2; text-align: left; text-decoration: none; text-indent: 0px; text-transform: none; -webkit-text-stroke-width: 0px; white-space: normal; word-spacing: 0px;">test</span>');
	INSERT INTO Answer (id,questionId,text,correct,comment) OVERRIDING SYSTEM VALUE VALUES (333,27,'разъяре...ый',false,'');
	INSERT INTO Answer (id,questionId,text,correct,comment) OVERRIDING SYSTEM VALUE VALUES (525,27,'прописа...',true,'<span style="display: inline !important; float: none; background-color: #ffffff; color: #000000; font-family: Verdana,Arial,Helvetica,sans-serif; font-size: 14px; font-style: normal; font-variant: normal; font-weight: 400; letter-spacing: normal; line-height: 18.2px; orphans: 2; text-align: left; text-decoration: none; text-indent: 0px; text-transform: none; -webkit-text-stroke-width: 0px; white-space: normal; word-spacing: 0px;">test</span>');
	INSERT INTO Answer (id,questionId,text,correct,comment) OVERRIDING SYSTEM VALUE VALUES (334,27,'напое...ый',false,'');
	INSERT INTO Answer (id,questionId,text,correct,comment) OVERRIDING SYSTEM VALUE VALUES (335,27,'избалова...ый',false,'');
INSERT INTO Question (id,realmId,ruleId,type,text,number,numberOnExam) OVERRIDING SYSTEM VALUE VALUES (28,-1,12,1,'Найдите среди данных причастий причастие, в котором пишется НН.',2,12);
	INSERT INTO Answer (id,questionId,text,correct,comment) OVERRIDING SYSTEM VALUE VALUES (526,28,'обозначе...',false,'<span style="display: inline !important; float: none; background-color: #ffffff; color: #000000; font-family: Verdana,Arial,Helvetica,sans-serif; font-size: 14px; font-style: normal; font-variant: normal; font-weight: 400; letter-spacing: normal; line-height: 18.2px; orphans: 2; text-align: left; text-decoration: none; text-indent: 0px; text-transform: none; -webkit-text-stroke-width: 0px; white-space: normal; word-spacing: 0px;">test</span>');
	INSERT INTO Answer (id,questionId,text,correct,comment) OVERRIDING SYSTEM VALUE VALUES (527,28,'заработа...ый',true,'<span style="display: inline !important; float: none; background-color: #ffffff; color: #000000; font-family: Verdana,Arial,Helvetica,sans-serif; font-size: 14px; font-style: normal; font-variant: normal; font-weight: 400; letter-spacing: normal; line-height: 18.2px; orphans: 2; text-align: left; text-decoration: none; text-indent: 0px; text-transform: none; -webkit-text-stroke-width: 0px; white-space: normal; word-spacing: 0px;">test</span>');
	INSERT INTO Answer (id,questionId,text,correct,comment) OVERRIDING SYSTEM VALUE VALUES (336,28,'разбуже...',false,'');
	INSERT INTO Answer (id,questionId,text,correct,comment) OVERRIDING SYSTEM VALUE VALUES (528,28,'раскраше...',false,'<span style="display: inline !important; float: none; background-color: #ffffff; color: #000000; font-family: Verdana,Arial,Helvetica,sans-serif; font-size: 14px; font-style: normal; font-variant: normal; font-weight: 400; letter-spacing: normal; line-height: 18.2px; orphans: 2; text-align: left; text-decoration: none; text-indent: 0px; text-transform: none; -webkit-text-stroke-width: 0px; white-space: normal; word-spacing: 0px;">test</span>');
	INSERT INTO Answer (id,questionId,text,correct,comment) OVERRIDING SYSTEM VALUE VALUES (337,28,'застрое...',false,'');
	INSERT INTO Answer (id,questionId,text,correct,comment) OVERRIDING SYSTEM VALUE VALUES (529,28,'поставле...',false,'<span style="display: inline !important; float: none; background-color: #ffffff; color: #000000; font-family: Verdana,Arial,Helvetica,sans-serif; font-size: 14px; font-style: normal; font-variant: normal; font-weight: 400; letter-spacing: normal; line-height: 18.2px; orphans: 2; text-align: left; text-decoration: none; text-indent: 0px; text-transform: none; -webkit-text-stroke-width: 0px; white-space: normal; word-spacing: 0px;">test</span>');
	INSERT INTO Answer (id,questionId,text,correct,comment) OVERRIDING SYSTEM VALUE VALUES (338,28,'получе...',false,'');
	INSERT INTO Answer (id,questionId,text,correct,comment) OVERRIDING SYSTEM VALUE VALUES (339,28,'расшире...ый',true,'');
	INSERT INTO Answer (id,questionId,text,correct,comment) OVERRIDING SYSTEM VALUE VALUES (340,28,'разруше...',false,'');
	INSERT INTO Answer (id,questionId,text,correct,comment) OVERRIDING SYSTEM VALUE VALUES (341,28,'излома...',false,'');
	INSERT INTO Answer (id,questionId,text,correct,comment) OVERRIDING SYSTEM VALUE VALUES (342,28,'смеша...ый',true,'');
	INSERT INTO Answer (id,questionId,text,correct,comment) OVERRIDING SYSTEM VALUE VALUES (343,28,'развенча...',false,'');
	INSERT INTO Answer (id,questionId,text,correct,comment) OVERRIDING SYSTEM VALUE VALUES (344,28,'повале...',false,'');
	INSERT INTO Answer (id,questionId,text,correct,comment) OVERRIDING SYSTEM VALUE VALUES (345,28,'взъероше...ый',true,'');
	INSERT INTO Answer (id,questionId,text,correct,comment) OVERRIDING SYSTEM VALUE VALUES (346,28,'застекле...',false,'');
	INSERT INTO Answer (id,questionId,text,correct,comment) OVERRIDING SYSTEM VALUE VALUES (347,28,'погаше...',false,'');
INSERT INTO Question (id,realmId,ruleId,type,text,number,numberOnExam) OVERRIDING SYSTEM VALUE VALUES (29,-1,13,1,'Найдите среди данных причастий причастие с суффиксом -енн-(-ённ-).',1,10);
	INSERT INTO Answer (id,questionId,text,correct,comment) OVERRIDING SYSTEM VALUE VALUES (352,29,'зачаров...нный',false,'');
	INSERT INTO Answer (id,questionId,text,correct,comment) OVERRIDING SYSTEM VALUE VALUES (353,29,'рекомендов...нный',false,'');
	INSERT INTO Answer (id,questionId,text,correct,comment) OVERRIDING SYSTEM VALUE VALUES (354,29,'напис...нный',false,'');
	INSERT INTO Answer (id,questionId,text,correct,comment) OVERRIDING SYSTEM VALUE VALUES (355,29,'брош...нный',true,'');
	INSERT INTO Answer (id,questionId,text,correct,comment) OVERRIDING SYSTEM VALUE VALUES (356,29,'награжд...нный',true,'');
	INSERT INTO Answer (id,questionId,text,correct,comment) OVERRIDING SYSTEM VALUE VALUES (357,29,'раскат...нный',false,'');
	INSERT INTO Answer (id,questionId,text,correct,comment) OVERRIDING SYSTEM VALUE VALUES (358,29,'посе...нный',false,'');
	INSERT INTO Answer (id,questionId,text,correct,comment) OVERRIDING SYSTEM VALUE VALUES (359,29,'ове...нный',false,'');
	INSERT INTO Answer (id,questionId,text,correct,comment) OVERRIDING SYSTEM VALUE VALUES (506,29,'разорв...нный',false,'<span style="display: inline !important; float: none; background-color: #ffffff; color: #000000; font-family: Verdana,Arial,Helvetica,sans-serif; font-size: 14px; font-style: normal; font-variant: normal; font-weight: 400; letter-spacing: normal; line-height: 18.2px; orphans: 2; text-align: left; text-decoration: none; text-indent: 0px; text-transform: none; -webkit-text-stroke-width: 0px; white-space: normal; word-spacing: 0px;">test</span>');
	INSERT INTO Answer (id,questionId,text,correct,comment) OVERRIDING SYSTEM VALUE VALUES (507,29,'покраш...нный',true,'<span style="display: inline !important; float: none; background-color: #ffffff; color: #000000; font-family: Verdana,Arial,Helvetica,sans-serif; font-size: 14px; font-style: normal; font-variant: normal; font-weight: 400; letter-spacing: normal; line-height: 18.2px; orphans: 2; text-align: left; text-decoration: none; text-indent: 0px; text-transform: none; -webkit-text-stroke-width: 0px; white-space: normal; word-spacing: 0px;">test</span>');
	INSERT INTO Answer (id,questionId,text,correct,comment) OVERRIDING SYSTEM VALUE VALUES (348,29,'воспит...нный',false,'');
	INSERT INTO Answer (id,questionId,text,correct,comment) OVERRIDING SYSTEM VALUE VALUES (508,29,'отрез...нный',false,'<span style="display: inline !important; float: none; background-color: #ffffff; color: #000000; font-family: Verdana,Arial,Helvetica,sans-serif; font-size: 14px; font-style: normal; font-variant: normal; font-weight: 400; letter-spacing: normal; line-height: 18.2px; orphans: 2; text-align: left; text-decoration: none; text-indent: 0px; text-transform: none; -webkit-text-stroke-width: 0px; white-space: normal; word-spacing: 0px;">test</span>');
	INSERT INTO Answer (id,questionId,text,correct,comment) OVERRIDING SYSTEM VALUE VALUES (349,29,'постл...нный',false,'');
	INSERT INTO Answer (id,questionId,text,correct,comment) OVERRIDING SYSTEM VALUE VALUES (509,29,'основ...нный',false,'<span style="display: inline !important; float: none; background-color: #ffffff; color: #000000; font-family: Verdana,Arial,Helvetica,sans-serif; font-size: 14px; font-style: normal; font-variant: normal; font-weight: 400; letter-spacing: normal; line-height: 18.2px; orphans: 2; text-align: left; text-decoration: none; text-indent: 0px; text-transform: none; -webkit-text-stroke-width: 0px; white-space: normal; word-spacing: 0px;">test</span>');
	INSERT INTO Answer (id,questionId,text,correct,comment) OVERRIDING SYSTEM VALUE VALUES (350,29,'осып...нный',false,'');
	INSERT INTO Answer (id,questionId,text,correct,comment) OVERRIDING SYSTEM VALUE VALUES (351,29,'постел...нный',true,'');
INSERT INTO Question (id,realmId,ruleId,type,text,number,numberOnExam) OVERRIDING SYSTEM VALUE VALUES (30,-1,13,1,'Найдите среди данных причастий причастие с суффиксом -нн-.',2,10);
	INSERT INTO Answer (id,questionId,text,correct,comment) OVERRIDING SYSTEM VALUE VALUES (512,30,'напис...нный',true,'<span style="display: inline !important; float: none; background-color: #ffffff; color: #000000; font-family: Verdana,Arial,Helvetica,sans-serif; font-size: 14px; font-style: normal; font-variant: normal; font-weight: 400; letter-spacing: normal; line-height: 18.2px; orphans: 2; text-align: left; text-decoration: none; text-indent: 0px; text-transform: none; -webkit-text-stroke-width: 0px; white-space: normal; word-spacing: 0px;">test</span>');
	INSERT INTO Answer (id,questionId,text,correct,comment) OVERRIDING SYSTEM VALUE VALUES (513,30,'съед...нный',false,'<span style="display: inline !important; float: none; background-color: #ffffff; color: #000000; font-family: Verdana,Arial,Helvetica,sans-serif; font-size: 14px; font-style: normal; font-variant: normal; font-weight: 400; letter-spacing: normal; line-height: 18.2px; orphans: 2; text-align: left; text-decoration: none; text-indent: 0px; text-transform: none; -webkit-text-stroke-width: 0px; white-space: normal; word-spacing: 0px;">test</span>');
	INSERT INTO Answer (id,questionId,text,correct,comment) OVERRIDING SYSTEM VALUE VALUES (360,30,'измен...нный',false,'');
	INSERT INTO Answer (id,questionId,text,correct,comment) OVERRIDING SYSTEM VALUE VALUES (361,30,'слыш...нный',true,'');
	INSERT INTO Answer (id,questionId,text,correct,comment) OVERRIDING SYSTEM VALUE VALUES (362,30,'перевед...нный',false,'');
	INSERT INTO Answer (id,questionId,text,correct,comment) OVERRIDING SYSTEM VALUE VALUES (363,30,'побежд...нный',false,'');
	INSERT INTO Answer (id,questionId,text,correct,comment) OVERRIDING SYSTEM VALUE VALUES (364,30,'нарисов...нный',true,'');
	INSERT INTO Answer (id,questionId,text,correct,comment) OVERRIDING SYSTEM VALUE VALUES (365,30,'разбуж...нный',false,'');
	INSERT INTO Answer (id,questionId,text,correct,comment) OVERRIDING SYSTEM VALUE VALUES (366,30,'приглуш...нный',false,'');
	INSERT INTO Answer (id,questionId,text,correct,comment) OVERRIDING SYSTEM VALUE VALUES (367,30,'освещ...нный',false,'');
	INSERT INTO Answer (id,questionId,text,correct,comment) OVERRIDING SYSTEM VALUE VALUES (368,30,'усаж...нный',false,'');
	INSERT INTO Answer (id,questionId,text,correct,comment) OVERRIDING SYSTEM VALUE VALUES (369,30,'брош...нный',false,'');
	INSERT INTO Answer (id,questionId,text,correct,comment) OVERRIDING SYSTEM VALUE VALUES (370,30,'пойм...нный',true,'');
	INSERT INTO Answer (id,questionId,text,correct,comment) OVERRIDING SYSTEM VALUE VALUES (371,30,'повал...нный',false,'');
	INSERT INTO Answer (id,questionId,text,correct,comment) OVERRIDING SYSTEM VALUE VALUES (510,30,'покраш...нный',false,'<span style="display: inline !important; float: none; background-color: #ffffff; color: #000000; font-family: Verdana,Arial,Helvetica,sans-serif; font-size: 14px; font-style: normal; font-variant: normal; font-weight: 400; letter-spacing: normal; line-height: 18.2px; orphans: 2; text-align: left; text-decoration: none; text-indent: 0px; text-transform: none; -webkit-text-stroke-width: 0px; white-space: normal; word-spacing: 0px;">test</span>');
	INSERT INTO Answer (id,questionId,text,correct,comment) OVERRIDING SYSTEM VALUE VALUES (511,30,'обжар...нный',false,'<span style="display: inline !important; float: none; background-color: #ffffff; color: #000000; font-family: Verdana,Arial,Helvetica,sans-serif; font-size: 14px; font-style: normal; font-variant: normal; font-weight: 400; letter-spacing: normal; line-height: 18.2px; orphans: 2; text-align: left; text-decoration: none; text-indent: 0px; text-transform: none; -webkit-text-stroke-width: 0px; white-space: normal; word-spacing: 0px;">test</span>');
INSERT INTO Question (id,realmId,ruleId,type,text,number,numberOnExam) OVERRIDING SYSTEM VALUE VALUES (31,-1,9,1,'Найдите среди данных причастий причастие с суффиксом -им-.',2,9);
	INSERT INTO Answer (id,questionId,text,correct,comment) OVERRIDING SYSTEM VALUE VALUES (372,31,'завис...мый',true,'');
	INSERT INTO Answer (id,questionId,text,correct,comment) OVERRIDING SYSTEM VALUE VALUES (373,31,'рису...емый',false,'');
	INSERT INTO Answer (id,questionId,text,correct,comment) OVERRIDING SYSTEM VALUE VALUES (374,31,'прибира...мый',false,'');
	INSERT INTO Answer (id,questionId,text,correct,comment) OVERRIDING SYSTEM VALUE VALUES (502,31,'рису...мый',false,'<span style="display: inline !important; float: none; background-color: #ffffff; color: #000000; font-family: Verdana,Arial,Helvetica,sans-serif; font-size: 14px; font-style: normal; font-variant: normal; font-weight: 400; letter-spacing: normal; line-height: 18.2px; orphans: 2; text-align: left; text-decoration: none; text-indent: 0px; text-transform: none; -webkit-text-stroke-width: 0px; white-space: normal; word-spacing: 0px;">test</span>');
	INSERT INTO Answer (id,questionId,text,correct,comment) OVERRIDING SYSTEM VALUE VALUES (375,31,'завязыва...мый',false,'');
	INSERT INTO Answer (id,questionId,text,correct,comment) OVERRIDING SYSTEM VALUE VALUES (503,31,'показыва...мый',false,'<span style="display: inline !important; float: none; background-color: #ffffff; color: #000000; font-family: Verdana,Arial,Helvetica,sans-serif; font-size: 14px; font-style: normal; font-variant: normal; font-weight: 400; letter-spacing: normal; line-height: 18.2px; orphans: 2; text-align: left; text-decoration: none; text-indent: 0px; text-transform: none; -webkit-text-stroke-width: 0px; white-space: normal; word-spacing: 0px;">test</span>');
	INSERT INTO Answer (id,questionId,text,correct,comment) OVERRIDING SYSTEM VALUE VALUES (376,31,'складыва...мый',false,'');
	INSERT INTO Answer (id,questionId,text,correct,comment) OVERRIDING SYSTEM VALUE VALUES (504,31,'слыш...мый',true,'<span style="display: inline !important; float: none; background-color: #ffffff; color: #000000; font-family: Verdana,Arial,Helvetica,sans-serif; font-size: 14px; font-style: normal; font-variant: normal; font-weight: 400; letter-spacing: normal; line-height: 18.2px; orphans: 2; text-align: left; text-decoration: none; text-indent: 0px; text-transform: none; -webkit-text-stroke-width: 0px; white-space: normal; word-spacing: 0px;">test</span>');
	INSERT INTO Answer (id,questionId,text,correct,comment) OVERRIDING SYSTEM VALUE VALUES (377,31,'крас...мый',true,'');
	INSERT INTO Answer (id,questionId,text,correct,comment) OVERRIDING SYSTEM VALUE VALUES (505,31,'чита...мый',false,'<span style="display: inline !important; float: none; background-color: #ffffff; color: #000000; font-family: Verdana,Arial,Helvetica,sans-serif; font-size: 14px; font-style: normal; font-variant: normal; font-weight: 400; letter-spacing: normal; line-height: 18.2px; orphans: 2; text-align: left; text-decoration: none; text-indent: 0px; text-transform: none; -webkit-text-stroke-width: 0px; white-space: normal; word-spacing: 0px;">test</span>');
	INSERT INTO Answer (id,questionId,text,correct,comment) OVERRIDING SYSTEM VALUE VALUES (378,31,'выбира...мый',false,'');
	INSERT INTO Answer (id,questionId,text,correct,comment) OVERRIDING SYSTEM VALUE VALUES (379,31,'забива...мый',false,'');
	INSERT INTO Answer (id,questionId,text,correct,comment) OVERRIDING SYSTEM VALUE VALUES (380,31,'вид...мый',true,'');
	INSERT INTO Answer (id,questionId,text,correct,comment) OVERRIDING SYSTEM VALUE VALUES (381,31,'лома...мый',false,'');
	INSERT INTO Answer (id,questionId,text,correct,comment) OVERRIDING SYSTEM VALUE VALUES (382,31,'выпека...мый',false,'');
	INSERT INTO Answer (id,questionId,text,correct,comment) OVERRIDING SYSTEM VALUE VALUES (383,31,'обижа...мый',false,'');
INSERT INTO Question (id,realmId,ruleId,type,text,number,numberOnExam) OVERRIDING SYSTEM VALUE VALUES (32,-1,14,1,'Найдите среди данных словосочетаний словосочетание, в котором причастие пишется с НЕ слитно.',1,13);
	INSERT INTO Answer (id,questionId,text,correct,comment) OVERRIDING SYSTEM VALUE VALUES (384,32,'(не)замеченная мною ошибка',false,'');
	INSERT INTO Answer (id,questionId,text,correct,comment) OVERRIDING SYSTEM VALUE VALUES (385,32,'(не)успевающий ученик',true,'');
	INSERT INTO Answer (id,questionId,text,correct,comment) OVERRIDING SYSTEM VALUE VALUES (386,32,'(не)подпускающий к себе зверь',false,'');
	INSERT INTO Answer (id,questionId,text,correct,comment) OVERRIDING SYSTEM VALUE VALUES (387,32,'истина (не)выяснена',false,'');
	INSERT INTO Answer (id,questionId,text,correct,comment) OVERRIDING SYSTEM VALUE VALUES (388,32,'совершенно (не)продуманное решение',false,'');
	INSERT INTO Answer (id,questionId,text,correct,comment) OVERRIDING SYSTEM VALUE VALUES (389,32,'(не)защищенное от солнца места',false,'');
	INSERT INTO Answer (id,questionId,text,correct,comment) OVERRIDING SYSTEM VALUE VALUES (390,32,'(не)разгаданная тайна',true,'');
	INSERT INTO Answer (id,questionId,text,correct,comment) OVERRIDING SYSTEM VALUE VALUES (391,32,'ничем (не)нарушаемая тишина',false,'');
	INSERT INTO Answer (id,questionId,text,correct,comment) OVERRIDING SYSTEM VALUE VALUES (392,32,'трава (не)скошена',false,'');
	INSERT INTO Answer (id,questionId,text,correct,comment) OVERRIDING SYSTEM VALUE VALUES (393,32,'(не)смолкающие до ночи сверчки',false,'');
	INSERT INTO Answer (id,questionId,text,correct,comment) OVERRIDING SYSTEM VALUE VALUES (394,32,'(не)дослышанная фраза',true,'');
	INSERT INTO Answer (id,questionId,text,correct,comment) OVERRIDING SYSTEM VALUE VALUES (530,32,'(не)дописанный писателем роман',false,'');
	INSERT INTO Answer (id,questionId,text,correct,comment) OVERRIDING SYSTEM VALUE VALUES (531,32,'(не)прибранная комната',true,'<span style="display: inline !important; float: none; background-color: #ffffff; color: #000000; font-family: Verdana,Arial,Helvetica,sans-serif; font-size: 14px; font-style: normal; font-variant: normal; font-weight: 400; letter-spacing: normal; line-height: 18.2px; orphans: 2; text-align: left; text-decoration: none; text-indent: 0px; text-transform: none; -webkit-text-stroke-width: 0px; white-space: normal; word-spacing: 0px;">test</span>');
	INSERT INTO Answer (id,questionId,text,correct,comment) OVERRIDING SYSTEM VALUE VALUES (532,32,'(не)выученный вовремя урок',false,'<span style="display: inline !important; float: none; background-color: #ffffff; color: #000000; font-family: Verdana,Arial,Helvetica,sans-serif; font-size: 14px; font-style: normal; font-variant: normal; font-weight: 400; letter-spacing: normal; line-height: 18.2px; orphans: 2; text-align: left; text-decoration: none; text-indent: 0px; text-transform: none; -webkit-text-stroke-width: 0px; white-space: normal; word-spacing: 0px;">test</span>');
	INSERT INTO Answer (id,questionId,text,correct,comment) OVERRIDING SYSTEM VALUE VALUES (533,32,'(не)исполненное до конца произведение',false,'<span style="display: inline !important; float: none; background-color: #ffffff; color: #000000; font-family: Verdana,Arial,Helvetica,sans-serif; font-size: 14px; font-style: normal; font-variant: normal; font-weight: 400; letter-spacing: normal; line-height: 18.2px; orphans: 2; text-align: left; text-decoration: none; text-indent: 0px; text-transform: none; -webkit-text-stroke-width: 0px; white-space: normal; word-spacing: 0px;">test</span>');
	INSERT INTO Answer (id,questionId,text,correct,comment) OVERRIDING SYSTEM VALUE VALUES (534,32,'(не)завершенный компанией план',false,'<span style="display: inline !important; float: none; background-color: #ffffff; color: #000000; font-family: Verdana,Arial,Helvetica,sans-serif; font-size: 14px; font-style: normal; font-variant: normal; font-weight: 400; letter-spacing: normal; line-height: 18.2px; orphans: 2; text-align: left; text-decoration: none; text-indent: 0px; text-transform: none; -webkit-text-stroke-width: 0px; white-space: normal; word-spacing: 0px;">test</span>');
INSERT INTO Question (id,realmId,ruleId,type,text,number,numberOnExam) OVERRIDING SYSTEM VALUE VALUES (33,-1,14,1,'Выберите среди данных словосочетаний словосочетание, в котором причастие пишется с НЕ раздельно.',2,13);
	INSERT INTO Answer (id,questionId,text,correct,comment) OVERRIDING SYSTEM VALUE VALUES (395,33,'(не)годующий учитель',false,'');
	INSERT INTO Answer (id,questionId,text,correct,comment) OVERRIDING SYSTEM VALUE VALUES (396,33,'(не)взлюбившая падчерицу мачеха',false,'');
	INSERT INTO Answer (id,questionId,text,correct,comment) OVERRIDING SYSTEM VALUE VALUES (397,33,'(не)выученные уроки',false,'');
	INSERT INTO Answer (id,questionId,text,correct,comment) OVERRIDING SYSTEM VALUE VALUES (398,33,'письмо (не)написано',true,'');
	INSERT INTO Answer (id,questionId,text,correct,comment) OVERRIDING SYSTEM VALUE VALUES (399,33,'(не)утомимый работник',false,'');
	INSERT INTO Answer (id,questionId,text,correct,comment) OVERRIDING SYSTEM VALUE VALUES (400,33,'(не)нарисованный, а распечатанный рисунок',true,'');
	INSERT INTO Answer (id,questionId,text,correct,comment) OVERRIDING SYSTEM VALUE VALUES (401,33,'(не)заселенные дома',false,'');
	INSERT INTO Answer (id,questionId,text,correct,comment) OVERRIDING SYSTEM VALUE VALUES (402,33,'(не)замерзающий ключ',false,'');
	INSERT INTO Answer (id,questionId,text,correct,comment) OVERRIDING SYSTEM VALUE VALUES (403,33,'(не)склоняемые существительные',false,'');
	INSERT INTO Answer (id,questionId,text,correct,comment) OVERRIDING SYSTEM VALUE VALUES (404,33,'(не)признанный современниками писатель',true,'');
	INSERT INTO Answer (id,questionId,text,correct,comment) OVERRIDING SYSTEM VALUE VALUES (405,33,'(не)сжатая рожь',false,'');
	INSERT INTO Answer (id,questionId,text,correct,comment) OVERRIDING SYSTEM VALUE VALUES (406,33,'(не)съеденный суп',false,'');
	INSERT INTO Answer (id,questionId,text,correct,comment) OVERRIDING SYSTEM VALUE VALUES (535,33,'(не)замерзший ручей',false,'<span style="display: inline !important; float: none; background-color: #ffffff; color: #000000; font-family: Verdana,Arial,Helvetica,sans-serif; font-size: 14px; font-style: normal; font-variant: normal; font-weight: 400; letter-spacing: normal; line-height: 18.2px; orphans: 2; text-align: left; text-decoration: none; text-indent: 0px; text-transform: none; -webkit-text-stroke-width: 0px; white-space: normal; word-spacing: 0px;">test</span>');
	INSERT INTO Answer (id,questionId,text,correct,comment) OVERRIDING SYSTEM VALUE VALUES (536,33,'(не)купленный, а свой собственный крыжовник',true,'<span style="display: inline !important; float: none; background-color: #ffffff; color: #000000; font-family: Verdana,Arial,Helvetica,sans-serif; font-size: 14px; font-style: normal; font-variant: normal; font-weight: 400; letter-spacing: normal; line-height: 18.2px; orphans: 2; text-align: left; text-decoration: none; text-indent: 0px; text-transform: none; -webkit-text-stroke-width: 0px; white-space: normal; word-spacing: 0px;">test</span>');
	INSERT INTO Answer (id,questionId,text,correct,comment) OVERRIDING SYSTEM VALUE VALUES (537,33,'(не)выносимая жара',false,'<span style="display: inline !important; float: none; background-color: #ffffff; color: #000000; font-family: Verdana,Arial,Helvetica,sans-serif; font-size: 14px; font-style: normal; font-variant: normal; font-weight: 400; letter-spacing: normal; line-height: 18.2px; orphans: 2; text-align: left; text-decoration: none; text-indent: 0px; text-transform: none; -webkit-text-stroke-width: 0px; white-space: normal; word-spacing: 0px;">test</span>');
	INSERT INTO Answer (id,questionId,text,correct,comment) OVERRIDING SYSTEM VALUE VALUES (538,33,'(не)затворенная дверь',false,'<span style="display: inline !important; float: none; background-color: #ffffff; color: #000000; font-family: Verdana,Arial,Helvetica,sans-serif; font-size: 14px; font-style: normal; font-variant: normal; font-weight: 400; letter-spacing: normal; line-height: 18.2px; orphans: 2; text-align: left; text-decoration: none; text-indent: 0px; text-transform: none; -webkit-text-stroke-width: 0px; white-space: normal; word-spacing: 0px;">test</span>');
INSERT INTO Question (id,realmId,ruleId,type,text,number,numberOnExam) OVERRIDING SYSTEM VALUE VALUES (34,-1,15,1,'Найдите среди данных причастий причастие, в суффиксе которого пишется Ё.',1,14);
	INSERT INTO Answer (id,questionId,text,correct,comment) OVERRIDING SYSTEM VALUE VALUES (416,34,'награжд...н',true,'');
	INSERT INTO Answer (id,questionId,text,correct,comment) OVERRIDING SYSTEM VALUE VALUES (417,34,'обнаруж...нный',false,'');
	INSERT INTO Answer (id,questionId,text,correct,comment) OVERRIDING SYSTEM VALUE VALUES (418,34,'заряж...нный',false,'');
	INSERT INTO Answer (id,questionId,text,correct,comment) OVERRIDING SYSTEM VALUE VALUES (407,34,'замоч...нный',false,'');
	INSERT INTO Answer (id,questionId,text,correct,comment) OVERRIDING SYSTEM VALUE VALUES (408,34,'проглоч...нный',false,'');
	INSERT INTO Answer (id,questionId,text,correct,comment) OVERRIDING SYSTEM VALUE VALUES (409,34,'просвещ...нный',true,'');
	INSERT INTO Answer (id,questionId,text,correct,comment) OVERRIDING SYSTEM VALUE VALUES (410,34,'огорож...нный',false,'');
	INSERT INTO Answer (id,questionId,text,correct,comment) OVERRIDING SYSTEM VALUE VALUES (411,34,'приглуш...нный',true,'');
	INSERT INTO Answer (id,questionId,text,correct,comment) OVERRIDING SYSTEM VALUE VALUES (539,34,'вскипяч...нный',true,'<span style="display: inline !important; float: none; background-color: #ffffff; color: #000000; font-family: Verdana,Arial,Helvetica,sans-serif; font-size: 14px; font-style: normal; font-variant: normal; font-weight: 400; letter-spacing: normal; line-height: 18.2px; orphans: 2; text-align: left; text-decoration: none; text-indent: 0px; text-transform: none; -webkit-text-stroke-width: 0px; white-space: normal; word-spacing: 0px;">test</span>');
	INSERT INTO Answer (id,questionId,text,correct,comment) OVERRIDING SYSTEM VALUE VALUES (412,34,'обмолоч...нный',false,'');
	INSERT INTO Answer (id,questionId,text,correct,comment) OVERRIDING SYSTEM VALUE VALUES (540,34,'подстриж...нный',false,'<span style="display: inline !important; float: none; background-color: #ffffff; color: #000000; font-family: Verdana,Arial,Helvetica,sans-serif; font-size: 14px; font-style: normal; font-variant: normal; font-weight: 400; letter-spacing: normal; line-height: 18.2px; orphans: 2; text-align: left; text-decoration: none; text-indent: 0px; text-transform: none; -webkit-text-stroke-width: 0px; white-space: normal; word-spacing: 0px;">test</span>');
	INSERT INTO Answer (id,questionId,text,correct,comment) OVERRIDING SYSTEM VALUE VALUES (413,34,'возмущ...на',false,'');
	INSERT INTO Answer (id,questionId,text,correct,comment) OVERRIDING SYSTEM VALUE VALUES (541,34,'непрош...нный',false,'<span style="display: inline !important; float: none; background-color: #ffffff; color: #000000; font-family: Verdana,Arial,Helvetica,sans-serif; font-size: 14px; font-style: normal; font-variant: normal; font-weight: 400; letter-spacing: normal; line-height: 18.2px; orphans: 2; text-align: left; text-decoration: none; text-indent: 0px; text-transform: none; -webkit-text-stroke-width: 0px; white-space: normal; word-spacing: 0px;">test</span>');
	INSERT INTO Answer (id,questionId,text,correct,comment) OVERRIDING SYSTEM VALUE VALUES (414,34,'искаж...но',false,'');
	INSERT INTO Answer (id,questionId,text,correct,comment) OVERRIDING SYSTEM VALUE VALUES (542,34,'выкош...нный',false,'<span style="display: inline !important; float: none; background-color: #ffffff; color: #000000; font-family: Verdana,Arial,Helvetica,sans-serif; font-size: 14px; font-style: normal; font-variant: normal; font-weight: 400; letter-spacing: normal; line-height: 18.2px; orphans: 2; text-align: left; text-decoration: none; text-indent: 0px; text-transform: none; -webkit-text-stroke-width: 0px; white-space: normal; word-spacing: 0px;">test</span>');
	INSERT INTO Answer (id,questionId,text,correct,comment) OVERRIDING SYSTEM VALUE VALUES (415,34,'получ...нное',false,'');
INSERT INTO Question (id,realmId,ruleId,type,text,number,numberOnExam) OVERRIDING SYSTEM VALUE VALUES (35,-1,15,1,'Найдите среди данных причастий причастие, в&nbsp; суффиксе которого пишется Е.',2,14);
	INSERT INTO Answer (id,questionId,text,correct,comment) OVERRIDING SYSTEM VALUE VALUES (544,35,'освещ...нный',false,'<span style="display: inline !important; float: none; background-color: #ffffff; color: #000000; font-family: Verdana,Arial,Helvetica,sans-serif; font-size: 14px; font-style: normal; font-variant: normal; font-weight: 400; letter-spacing: normal; line-height: 18.2px; orphans: 2; text-align: left; text-decoration: none; text-indent: 0px; text-transform: none; -webkit-text-stroke-width: 0px; white-space: normal; word-spacing: 0px;">test</span>');
	INSERT INTO Answer (id,questionId,text,correct,comment) OVERRIDING SYSTEM VALUE VALUES (545,35,'возмущ...н',false,'<span style="display: inline !important; float: none; background-color: #ffffff; color: #000000; font-family: Verdana,Arial,Helvetica,sans-serif; font-size: 14px; font-style: normal; font-variant: normal; font-weight: 400; letter-spacing: normal; line-height: 18.2px; orphans: 2; text-align: left; text-decoration: none; text-indent: 0px; text-transform: none; -webkit-text-stroke-width: 0px; white-space: normal; word-spacing: 0px;">test</span>');
	INSERT INTO Answer (id,questionId,text,correct,comment) OVERRIDING SYSTEM VALUE VALUES (546,35,'нагруж...нный',true,'<span style="display: inline !important; float: none; background-color: #ffffff; color: #000000; font-family: Verdana,Arial,Helvetica,sans-serif; font-size: 14px; font-style: normal; font-variant: normal; font-weight: 400; letter-spacing: normal; line-height: 18.2px; orphans: 2; text-align: left; text-decoration: none; text-indent: 0px; text-transform: none; -webkit-text-stroke-width: 0px; white-space: normal; word-spacing: 0px;">test</span>');
	INSERT INTO Answer (id,questionId,text,correct,comment) OVERRIDING SYSTEM VALUE VALUES (419,35,'искаж...н',false,'');
	INSERT INTO Answer (id,questionId,text,correct,comment) OVERRIDING SYSTEM VALUE VALUES (420,35,'назнач...на',true,'');
	INSERT INTO Answer (id,questionId,text,correct,comment) OVERRIDING SYSTEM VALUE VALUES (421,35,'заключ...нный',false,'');
	INSERT INTO Answer (id,questionId,text,correct,comment) OVERRIDING SYSTEM VALUE VALUES (422,35,'привлеч...нный',false,'');
	INSERT INTO Answer (id,questionId,text,correct,comment) OVERRIDING SYSTEM VALUE VALUES (423,35,'запрещ...нный',false,'');
	INSERT INTO Answer (id,questionId,text,correct,comment) OVERRIDING SYSTEM VALUE VALUES (424,35,'запряж...н',false,'');
	INSERT INTO Answer (id,questionId,text,correct,comment) OVERRIDING SYSTEM VALUE VALUES (425,35,'огранич...нный',true,'');
	INSERT INTO Answer (id,questionId,text,correct,comment) OVERRIDING SYSTEM VALUE VALUES (426,35,'лиш...нный',false,'');
	INSERT INTO Answer (id,questionId,text,correct,comment) OVERRIDING SYSTEM VALUE VALUES (427,35,'сожж...нный',false,'');
	INSERT INTO Answer (id,questionId,text,correct,comment) OVERRIDING SYSTEM VALUE VALUES (428,35,'поглощ...нный',false,'');
	INSERT INTO Answer (id,questionId,text,correct,comment) OVERRIDING SYSTEM VALUE VALUES (429,35,'опущ...но',true,'');
	INSERT INTO Answer (id,questionId,text,correct,comment) OVERRIDING SYSTEM VALUE VALUES (430,35,'сообщ...нный',false,'');
	INSERT INTO Answer (id,questionId,text,correct,comment) OVERRIDING SYSTEM VALUE VALUES (543,35,'приглаш...нный',false,'<span style="display: inline !important; float: none; background-color: #ffffff; color: #000000; font-family: Verdana,Arial,Helvetica,sans-serif; font-size: 14px; font-style: normal; font-variant: normal; font-weight: 400; letter-spacing: normal; line-height: 18.2px; orphans: 2; text-align: left; text-decoration: none; text-indent: 0px; text-transform: none; -webkit-text-stroke-width: 0px; white-space: normal; word-spacing: 0px;">test</span>');
