DROP TABLE Realm IF EXISTS;
CREATE TABLE Realm (id INTEGER GENERATED ALWAYS AS IDENTITY PRIMARY KEY, text VARCHAR(20), description VARCHAR(2000), number int);
DROP TABLE Theme IF EXISTS;
CREATE TABLE Theme (id INTEGER GENERATED ALWAYS AS IDENTITY PRIMARY KEY, realmId int, text VARCHAR(2000), number int);
DROP TABLE Rule IF EXISTS;
CREATE TABLE Rule (id INTEGER GENERATED ALWAYS AS IDENTITY PRIMARY KEY, themeId int, text VARCHAR(2000), number int);
DROP TABLE Question IF EXISTS;
CREATE TABLE Question (id INTEGER GENERATED ALWAYS AS IDENTITY PRIMARY KEY, realmId int, type int, text VARCHAR(2000), number int, ruleId int);
	DROP TABLE Answer IF EXISTS;
	CREATE TABLE Answer (id INTEGER GENERATED ALWAYS AS IDENTITY PRIMARY KEY, questionId int, correct boolean, text VARCHAR(2000), comment VARCHAR(2000));
DROP TABLE ThemeQuestion IF EXISTS;
CREATE TABLE ThemeQuestion (themeId int, questionId int, PRIMARY KEY(themeId, questionId));
DROP TABLE Image IF EXISTS;
CREATE TABLE Image (id INTEGER GENERATED ALWAYS AS IDENTITY PRIMARY KEY, filename VARCHAR(2000), extension VARCHAR(10));
DROP TABLE UserAnswer IF EXISTS;
CREATE TABLE UserAnswer (id INTEGER GENERATED ALWAYS AS IDENTITY PRIMARY KEY, questionId int, correct boolean);
DROP TABLE ThemeExam IF EXISTS;
CREATE TABLE ThemeExam (id INTEGER GENERATED ALWAYS AS IDENTITY PRIMARY KEY, themeId int, percentage DOUBLE, date TIMESTAMP);
INSERT INTO Realm (id,text,description,number) OVERRIDING SYSTEM VALUE VALUES (0,'РЯ','Причастие',1);
INSERT INTO Theme (id,realmId,text,number) OVERRIDING SYSTEM VALUE VALUES (0,0,'Как узнать причастие',1);
INSERT INTO Theme (id,realmId,text,number) OVERRIDING SYSTEM VALUE VALUES (1,0,'Безударные гласные в окончаниях причастий',2);
INSERT INTO Theme (id,realmId,text,number) OVERRIDING SYSTEM VALUE VALUES (2,0,'Причастный оборот',3);
INSERT INTO Rule (id,themeId,text,number) OVERRIDING SYSTEM VALUE VALUES (0,0,'Ярким морфемным признаком причастий является наличие суффиксов -ущ-(-ющ-), -ащ-(-ящ-); -ем-(-ом-), -им-; -вш-, -ш-, -енн-(-ённ-), -нн-, -т-. Причастия отвечают на вопросы какой? (каков?), что делающий? что сделавший?',1);
INSERT INTO Rule (id,themeId,text,number) OVERRIDING SYSTEM VALUE VALUES (1,1,'Написание безударных гласных в окончаниях причастий определяется так же, как и написание падежных окончаний прилагательных &ndash; по вопросу, задаваемому от определяемого слова.',1);
INSERT INTO Rule (id,themeId,text,number) OVERRIDING SYSTEM VALUE VALUES (2,2,'Причастие с зависимым от него словами называется причастным оборотом. Причастный оборот, стоящий после определяемого слова, выделяется запятыми. Определяемое слово - слово, от которого задается вопрос к причастию.',1);
INSERT INTO Question (id,realmId,ruleId,type,text,number) OVERRIDING SYSTEM VALUE VALUES (0,-1,0,1,'Найдите среди данных слов причастие.',1);
	INSERT INTO Answer (id,questionId,text,correct,comment) OVERRIDING SYSTEM VALUE VALUES (0,0,'снежный',false,'');
	INSERT INTO Answer (id,questionId,text,correct,comment) OVERRIDING SYSTEM VALUE VALUES (1,0,'зеленый',false,'');
	INSERT INTO Answer (id,questionId,text,correct,comment) OVERRIDING SYSTEM VALUE VALUES (2,0,'красящий',true,'');
	INSERT INTO Answer (id,questionId,text,correct,comment) OVERRIDING SYSTEM VALUE VALUES (3,0,'веселый',false,'');
	INSERT INTO Answer (id,questionId,text,correct,comment) OVERRIDING SYSTEM VALUE VALUES (4,0,'разноцветный',false,'');
	INSERT INTO Answer (id,questionId,text,correct,comment) OVERRIDING SYSTEM VALUE VALUES (5,0,'написанный',true,'');
	INSERT INTO Answer (id,questionId,text,correct,comment) OVERRIDING SYSTEM VALUE VALUES (6,0,'нежный',false,'');
	INSERT INTO Answer (id,questionId,text,correct,comment) OVERRIDING SYSTEM VALUE VALUES (7,0,'каменный',false,'');
	INSERT INTO Answer (id,questionId,text,correct,comment) OVERRIDING SYSTEM VALUE VALUES (8,0,'оловянный',false,'');
	INSERT INTO Answer (id,questionId,text,correct,comment) OVERRIDING SYSTEM VALUE VALUES (9,0,'мамин',false,'');
	INSERT INTO Answer (id,questionId,text,correct,comment) OVERRIDING SYSTEM VALUE VALUES (10,0,'третий',false,'');
	INSERT INTO Answer (id,questionId,text,correct,comment) OVERRIDING SYSTEM VALUE VALUES (11,0,'снятый',true,'');
INSERT INTO Question (id,realmId,ruleId,type,text,number) OVERRIDING SYSTEM VALUE VALUES (1,-1,0,1,'Найдите среди данных словосочетаний словосочетание &laquo;причастие+существительное&raquo;.',2);
	INSERT INTO Answer (id,questionId,text,correct,comment) OVERRIDING SYSTEM VALUE VALUES (16,1,'стеклянная чашка',false,'');
	INSERT INTO Answer (id,questionId,text,correct,comment) OVERRIDING SYSTEM VALUE VALUES (17,1,'работающий мальчик',true,'');
	INSERT INTO Answer (id,questionId,text,correct,comment) OVERRIDING SYSTEM VALUE VALUES (18,1,'красивая девочка',false,'');
	INSERT INTO Answer (id,questionId,text,correct,comment) OVERRIDING SYSTEM VALUE VALUES (19,1,'серебряные сережки',false,'');
	INSERT INTO Answer (id,questionId,text,correct,comment) OVERRIDING SYSTEM VALUE VALUES (20,1,'покрашенный забор',true,'');
	INSERT INTO Answer (id,questionId,text,correct,comment) OVERRIDING SYSTEM VALUE VALUES (21,1,'горький вкус',false,'');
	INSERT INTO Answer (id,questionId,text,correct,comment) OVERRIDING SYSTEM VALUE VALUES (22,1,'великолепное платье',false,'');
	INSERT INTO Answer (id,questionId,text,correct,comment) OVERRIDING SYSTEM VALUE VALUES (23,1,'интересный рассказ',false,'');
	INSERT INTO Answer (id,questionId,text,correct,comment) OVERRIDING SYSTEM VALUE VALUES (12,1,'зеленеющая листва',true,'');
	INSERT INTO Answer (id,questionId,text,correct,comment) OVERRIDING SYSTEM VALUE VALUES (13,1,'жестяное ведро',false,'');
	INSERT INTO Answer (id,questionId,text,correct,comment) OVERRIDING SYSTEM VALUE VALUES (14,1,'теплое молоко',false,'');
	INSERT INTO Answer (id,questionId,text,correct,comment) OVERRIDING SYSTEM VALUE VALUES (15,1,'волчий хвост',false,'');
INSERT INTO Question (id,realmId,ruleId,type,text,number) OVERRIDING SYSTEM VALUE VALUES (2,-1,1,1,'Найдите среди данных причастий причастие, в окончании которого пишется И.',1);
	INSERT INTO Answer (id,questionId,text,correct,comment) OVERRIDING SYSTEM VALUE VALUES (32,2,'о льющ...мся дожде',false,'');
	INSERT INTO Answer (id,questionId,text,correct,comment) OVERRIDING SYSTEM VALUE VALUES (33,2,'в голубеющ...м просторе',false,'');
	INSERT INTO Answer (id,questionId,text,correct,comment) OVERRIDING SYSTEM VALUE VALUES (34,2,'от спеющ...х ягод',true,'');
	INSERT INTO Answer (id,questionId,text,correct,comment) OVERRIDING SYSTEM VALUE VALUES (35,2,'из передаваем...го послания',false,'');
	INSERT INTO Answer (id,questionId,text,correct,comment) OVERRIDING SYSTEM VALUE VALUES (24,2,'в проснувш...мся лесу',false,'');
	INSERT INTO Answer (id,questionId,text,correct,comment) OVERRIDING SYSTEM VALUE VALUES (25,2,'на трепещущ...х листьях',true,'');
	INSERT INTO Answer (id,questionId,text,correct,comment) OVERRIDING SYSTEM VALUE VALUES (26,2,'от тающ...го снега',false,'');
	INSERT INTO Answer (id,questionId,text,correct,comment) OVERRIDING SYSTEM VALUE VALUES (27,2,'у рокочущ...го моря',false,'');
	INSERT INTO Answer (id,questionId,text,correct,comment) OVERRIDING SYSTEM VALUE VALUES (28,2,'пропадающ...х голосов',true,'');
	INSERT INTO Answer (id,questionId,text,correct,comment) OVERRIDING SYSTEM VALUE VALUES (29,2,'на рисуем...м плакате',false,'');
	INSERT INTO Answer (id,questionId,text,correct,comment) OVERRIDING SYSTEM VALUE VALUES (30,2,'в царивш...й тишине',false,'');
	INSERT INTO Answer (id,questionId,text,correct,comment) OVERRIDING SYSTEM VALUE VALUES (31,2,'на прогнувш...мся мосту',false,'');
INSERT INTO Question (id,realmId,ruleId,type,text,number) OVERRIDING SYSTEM VALUE VALUES (3,-1,1,1,'Найдите среди данных причастий причастие, в окончании которого пишется E.',2);
	INSERT INTO Answer (id,questionId,text,correct,comment) OVERRIDING SYSTEM VALUE VALUES (36,3,'за потемневш...м горизонтом',false,'');
	INSERT INTO Answer (id,questionId,text,correct,comment) OVERRIDING SYSTEM VALUE VALUES (37,3,'за улыбавш...мся малышом',false,'');
	INSERT INTO Answer (id,questionId,text,correct,comment) OVERRIDING SYSTEM VALUE VALUES (38,3,'в посветлевш...м воздухе',true,'');
	INSERT INTO Answer (id,questionId,text,correct,comment) OVERRIDING SYSTEM VALUE VALUES (39,3,'перед приближающ...мися каникулами',false,'');
	INSERT INTO Answer (id,questionId,text,correct,comment) OVERRIDING SYSTEM VALUE VALUES (40,3,'о требуем...м доказательстве',false,'');
	INSERT INTO Answer (id,questionId,text,correct,comment) OVERRIDING SYSTEM VALUE VALUES (41,3,'с выздоровевш...м другом',false,'');
	INSERT INTO Answer (id,questionId,text,correct,comment) OVERRIDING SYSTEM VALUE VALUES (42,3,'грядущ...го века',true,'');
	INSERT INTO Answer (id,questionId,text,correct,comment) OVERRIDING SYSTEM VALUE VALUES (43,3,'сбывающ...хся желаний',false,'');
	INSERT INTO Answer (id,questionId,text,correct,comment) OVERRIDING SYSTEM VALUE VALUES (44,3,'плачущ...му ребенку',true,'');
	INSERT INTO Answer (id,questionId,text,correct,comment) OVERRIDING SYSTEM VALUE VALUES (45,3,'темнеющ...м горизонтом',false,'');
	INSERT INTO Answer (id,questionId,text,correct,comment) OVERRIDING SYSTEM VALUE VALUES (46,3,'из написанн...го письма',false,'');
	INSERT INTO Answer (id,questionId,text,correct,comment) OVERRIDING SYSTEM VALUE VALUES (47,3,'с раскрасневш...мся лицомм',false,'');
INSERT INTO Question (id,realmId,ruleId,type,text,number) OVERRIDING SYSTEM VALUE VALUES (4,-1,2,1,'Среди данных ниже словосочетаний, выберите словосочетание, в котором причастие выделяется запятой (знаки препинания не расставлены).',1);
	INSERT INTO Answer (id,questionId,text,correct,comment) OVERRIDING SYSTEM VALUE VALUES (48,4,'ветерок пахнущий морем',true,'');
	INSERT INTO Answer (id,questionId,text,correct,comment) OVERRIDING SYSTEM VALUE VALUES (49,4,'сваренные в соленом растворе омары',false,'');
	INSERT INTO Answer (id,questionId,text,correct,comment) OVERRIDING SYSTEM VALUE VALUES (50,4,'засыпанные снегом ветви',false,'');
	INSERT INTO Answer (id,questionId,text,correct,comment) OVERRIDING SYSTEM VALUE VALUES (51,4,'выделенное маркером предложение',false,'');
	INSERT INTO Answer (id,questionId,text,correct,comment) OVERRIDING SYSTEM VALUE VALUES (52,4,'освещенная луной дорога',false,'');
	INSERT INTO Answer (id,questionId,text,correct,comment) OVERRIDING SYSTEM VALUE VALUES (53,4,'жареный поросенок разрезанный на порции',true,'');
	INSERT INTO Answer (id,questionId,text,correct,comment) OVERRIDING SYSTEM VALUE VALUES (54,4,'едущий поезд',false,'');
	INSERT INTO Answer (id,questionId,text,correct,comment) OVERRIDING SYSTEM VALUE VALUES (55,4,'политый глазурью торт',false,'');
	INSERT INTO Answer (id,questionId,text,correct,comment) OVERRIDING SYSTEM VALUE VALUES (56,4,'письмо написанное директором',true,'');
	INSERT INTO Answer (id,questionId,text,correct,comment) OVERRIDING SYSTEM VALUE VALUES (57,4,'выигравшая соревнования команда',false,'');
	INSERT INTO Answer (id,questionId,text,correct,comment) OVERRIDING SYSTEM VALUE VALUES (58,4,'алеющий закат',false,'');
	INSERT INTO Answer (id,questionId,text,correct,comment) OVERRIDING SYSTEM VALUE VALUES (59,4,'раскрашенная картинка',false,'');
