DROP TABLE Realm IF EXISTS;
CREATE TABLE Realm (id INTEGER GENERATED ALWAYS AS IDENTITY PRIMARY KEY, text VARCHAR(20), description VARCHAR(2000), number int);
DROP TABLE Theme IF EXISTS;
CREATE TABLE Theme (id INTEGER GENERATED ALWAYS AS IDENTITY PRIMARY KEY, realmId int, text VARCHAR(2000), number int);
DROP TABLE Rule IF EXISTS;
CREATE TABLE Rule (id INTEGER GENERATED ALWAYS AS IDENTITY PRIMARY KEY, themeId int, text VARCHAR(2000), number int);
DROP TABLE Question IF EXISTS;
CREATE TABLE Question (id INTEGER GENERATED ALWAYS AS IDENTITY PRIMARY KEY, realmId int, type int, text VARCHAR(2000), number int, ruleId int);
	DROP TABLE Answer IF EXISTS;
	CREATE TABLE Answer (id INTEGER GENERATED ALWAYS AS IDENTITY PRIMARY KEY, questionId int, correct boolean, text VARCHAR(2000), comment VARCHAR(2000));
DROP TABLE ThemeQuestion IF EXISTS;
CREATE TABLE ThemeQuestion (themeId int, questionId int, PRIMARY KEY(themeId, questionId));
DROP TABLE Image IF EXISTS;
CREATE TABLE Image (id INTEGER GENERATED ALWAYS AS IDENTITY PRIMARY KEY, filename VARCHAR(2000), extension VARCHAR(10));
DROP TABLE UserAnswer IF EXISTS;
CREATE TABLE UserAnswer (id INTEGER GENERATED ALWAYS AS IDENTITY PRIMARY KEY, questionId int, correct boolean);
DROP TABLE ThemeExam IF EXISTS;
CREATE TABLE ThemeExam (id INTEGER GENERATED ALWAYS AS IDENTITY PRIMARY KEY, themeId int, percentage DOUBLE, date TIMESTAMP);
INSERT INTO Realm (id,text,description,number) OVERRIDING SYSTEM VALUE VALUES (0,'РЯ7','Причастие',1);
INSERT INTO Theme (id,realmId,text,number) OVERRIDING SYSTEM VALUE VALUES (0,0,'Как узнать причастие',1);
INSERT INTO Theme (id,realmId,text,number) OVERRIDING SYSTEM VALUE VALUES (1,0,'Безударные гласные в окончаниях причастий',2);
INSERT INTO Theme (id,realmId,text,number) OVERRIDING SYSTEM VALUE VALUES (2,0,'Причастный оборот',3);
INSERT INTO Theme (id,realmId,text,number) OVERRIDING SYSTEM VALUE VALUES (3,0,'Действительные и страдательные причастия',4);
INSERT INTO Theme (id,realmId,text,number) OVERRIDING SYSTEM VALUE VALUES (4,0,'Полные и краткие формы причастий',5);
INSERT INTO Theme (id,realmId,text,number) OVERRIDING SYSTEM VALUE VALUES (5,0,'Причастия настоящего и прошедшего времени',6);
INSERT INTO Theme (id,realmId,text,number) OVERRIDING SYSTEM VALUE VALUES (6,0,'Образование действительных причастий настоящего и прошедшего времени',7);
INSERT INTO Theme (id,realmId,text,number) OVERRIDING SYSTEM VALUE VALUES (7,0,'Образование страдательных причастий настоящего и прошедшего времени',8);
INSERT INTO Rule (id,themeId,text,number) OVERRIDING SYSTEM VALUE VALUES (0,0,'Слова, которые образуются от глаголов и называют признак предмета по действию, проявляющийся во времени, называются&nbsp;<strong>причастиями</strong>. Причастие - это особая форма глагола, имеющая признаки глагола и прилагательного.<br />Причастия отвечают на вопросы какой? (каков?), что делающий? что сделавший?<br />Ярким морфемным признаком причастий является наличие суффиксов:<br />-ущ-(-ющ-), -ащ-(-ящ-); -ем-(-ом-), -им-; -вш-, -ш-, -енн-(-ённ-), -нн-, <br />-т-.&nbsp;',1);
INSERT INTO Rule (id,themeId,text,number) OVERRIDING SYSTEM VALUE VALUES (1,1,'Написание безударных гласных в окончаниях причастий определяется так же, как и написание падежных окончаний прилагательных &ndash; по вопросу, задаваемому от определяемого слова.',1);
INSERT INTO Rule (id,themeId,text,number) OVERRIDING SYSTEM VALUE VALUES (2,2,'Причастие с зависимыми от него словами называется причастным оборотом. Причастный оборот, стоящий после определяемого слова, выделяется запятыми (определяемое слово - это слово, от которого задается вопрос к причастию).<br />Причастный оборот, стоящий перед определяемым словом, запятыми не выделяется.',1);
INSERT INTO Rule (id,themeId,text,number) OVERRIDING SYSTEM VALUE VALUES (3,3,'Причастия делятся на действительные и страдательные. <br />Действительные причастия обозначают признак, который создается действием самого предмета. Действительные причастия имеют суффиксы -ущ-(-ющ-), -ащ-(-ящ-), -вш-, -ш-.<br />Страдательные причастия обозначают признак, который создается у одного предмета действием другого предмета. Страдательные причастия имеют суффиксы -ем-(-ом-), -им-, -енн-(-ённ-), -нн-, -т-.',1);
INSERT INTO Rule (id,themeId,text,number) OVERRIDING SYSTEM VALUE VALUES (4,4,'Действительные причастия имеют только полную форму. Страдательные причастия могут иметь и полную, и краткую формы.',1);
INSERT INTO Rule (id,themeId,text,number) OVERRIDING SYSTEM VALUE VALUES (5,4,'Краткая форма страдательного причастия образуется от полной формы.<br />В краткой форме причастия изменяются только по числам и в единственном числе по родам.<br />Краткое причастие мужского рода имеет нулевое окончание.<br />В суффиксах кратких причастий пишется одна буква Н.',2);
INSERT INTO Rule (id,themeId,text,number) OVERRIDING SYSTEM VALUE VALUES (6,5,'Причастия могут быть настоящего и прошедшего времени.&nbsp;<br />Причастий будущего времени не бывает.<br />Суффиксы действительных причастий прошедшего времени: -вш-, -ш-.<br />Суффиксы действительных причастий настоящего времени: -ущ-(-ющ-), <br />-ащ-(-ящ-).<br />Суффиксы страдательных причастий прошедшего времени: -енн-(-ённ-), <br />-нн-, -т-.<br />Суффиксы страдательных причастий настоящего времени: -ом-(-ем-),<br />-им-.',1);
INSERT INTO Rule (id,themeId,text,number) OVERRIDING SYSTEM VALUE VALUES (7,6,'Выбор гласной в суффиксе действительных причастий настоящего времени зависит от спряжения глагола:<br />от глаголов I спряжения образуются причастия с суффиксами -ущ-(-ющ-);<br />от глаголов II спряжения образуются причастия с суффиксами -ащ- <br />(-ящ-).',1);
INSERT INTO Rule (id,themeId,text,number) OVERRIDING SYSTEM VALUE VALUES (8,6,'Действительные причастия прошедшего времени образуются от глаголов совершенного и несовершенного вида.<br />Перед суффиксом причастия сохраняется та же гласная (тот же суффикс), что и в основе инфинитива.',2);
INSERT INTO Rule (id,themeId,text,number) OVERRIDING SYSTEM VALUE VALUES (9,7,'Выбор гласной в суффиксе страдательных причастий настоящего времени зависит от спряжения глагола:<br />от глаголов I спряжения образуются причастия с суффиксами -ем-(-ом-);<br />от глаголов II спряжения образуются причастия с суфииксом -им-.',1);
INSERT INTO Question (id,realmId,ruleId,type,text,number) OVERRIDING SYSTEM VALUE VALUES (0,-1,0,1,'Найдите среди данных слов причастие.',1);
	INSERT INTO Answer (id,questionId,text,correct,comment) OVERRIDING SYSTEM VALUE VALUES (0,0,'снежный',false,'');
	INSERT INTO Answer (id,questionId,text,correct,comment) OVERRIDING SYSTEM VALUE VALUES (1,0,'зеленый',false,'');
	INSERT INTO Answer (id,questionId,text,correct,comment) OVERRIDING SYSTEM VALUE VALUES (2,0,'красящий',true,'');
	INSERT INTO Answer (id,questionId,text,correct,comment) OVERRIDING SYSTEM VALUE VALUES (3,0,'веселый',false,'');
	INSERT INTO Answer (id,questionId,text,correct,comment) OVERRIDING SYSTEM VALUE VALUES (4,0,'разноцветный',false,'');
	INSERT INTO Answer (id,questionId,text,correct,comment) OVERRIDING SYSTEM VALUE VALUES (5,0,'написанный',true,'');
	INSERT INTO Answer (id,questionId,text,correct,comment) OVERRIDING SYSTEM VALUE VALUES (6,0,'нежный',false,'');
	INSERT INTO Answer (id,questionId,text,correct,comment) OVERRIDING SYSTEM VALUE VALUES (7,0,'каменный',false,'');
	INSERT INTO Answer (id,questionId,text,correct,comment) OVERRIDING SYSTEM VALUE VALUES (8,0,'оловянный',false,'');
	INSERT INTO Answer (id,questionId,text,correct,comment) OVERRIDING SYSTEM VALUE VALUES (9,0,'мамин',false,'');
	INSERT INTO Answer (id,questionId,text,correct,comment) OVERRIDING SYSTEM VALUE VALUES (10,0,'третий',false,'');
	INSERT INTO Answer (id,questionId,text,correct,comment) OVERRIDING SYSTEM VALUE VALUES (11,0,'снятый',true,'');
INSERT INTO Question (id,realmId,ruleId,type,text,number) OVERRIDING SYSTEM VALUE VALUES (1,-1,0,1,'Найдите среди данных словосочетаний словосочетание &laquo;причастие+существительное&raquo;.',2);
	INSERT INTO Answer (id,questionId,text,correct,comment) OVERRIDING SYSTEM VALUE VALUES (16,1,'стеклянная чашка',false,'');
	INSERT INTO Answer (id,questionId,text,correct,comment) OVERRIDING SYSTEM VALUE VALUES (17,1,'работающий мальчик',true,'');
	INSERT INTO Answer (id,questionId,text,correct,comment) OVERRIDING SYSTEM VALUE VALUES (18,1,'красивая девочка',false,'');
	INSERT INTO Answer (id,questionId,text,correct,comment) OVERRIDING SYSTEM VALUE VALUES (19,1,'серебряные сережки',false,'');
	INSERT INTO Answer (id,questionId,text,correct,comment) OVERRIDING SYSTEM VALUE VALUES (20,1,'покрашенный забор',true,'');
	INSERT INTO Answer (id,questionId,text,correct,comment) OVERRIDING SYSTEM VALUE VALUES (21,1,'горький вкус',false,'');
	INSERT INTO Answer (id,questionId,text,correct,comment) OVERRIDING SYSTEM VALUE VALUES (22,1,'великолепное платье',false,'');
	INSERT INTO Answer (id,questionId,text,correct,comment) OVERRIDING SYSTEM VALUE VALUES (23,1,'интересный рассказ',false,'');
	INSERT INTO Answer (id,questionId,text,correct,comment) OVERRIDING SYSTEM VALUE VALUES (12,1,'зеленеющая листва',true,'');
	INSERT INTO Answer (id,questionId,text,correct,comment) OVERRIDING SYSTEM VALUE VALUES (13,1,'жестяное ведро',false,'');
	INSERT INTO Answer (id,questionId,text,correct,comment) OVERRIDING SYSTEM VALUE VALUES (14,1,'теплое молоко',false,'');
	INSERT INTO Answer (id,questionId,text,correct,comment) OVERRIDING SYSTEM VALUE VALUES (15,1,'волчий хвост',false,'');
INSERT INTO Question (id,realmId,ruleId,type,text,number) OVERRIDING SYSTEM VALUE VALUES (2,-1,1,1,'Найдите среди данных причастий причастие, в окончании которого пишется И.',1);
	INSERT INTO Answer (id,questionId,text,correct,comment) OVERRIDING SYSTEM VALUE VALUES (32,2,'о льющ...мся дожде',false,'');
	INSERT INTO Answer (id,questionId,text,correct,comment) OVERRIDING SYSTEM VALUE VALUES (33,2,'в голубеющ...м просторе',false,'');
	INSERT INTO Answer (id,questionId,text,correct,comment) OVERRIDING SYSTEM VALUE VALUES (34,2,'от спеющ...х ягод',true,'');
	INSERT INTO Answer (id,questionId,text,correct,comment) OVERRIDING SYSTEM VALUE VALUES (35,2,'из передаваем...го послания',false,'');
	INSERT INTO Answer (id,questionId,text,correct,comment) OVERRIDING SYSTEM VALUE VALUES (24,2,'в проснувш...мся лесу',false,'');
	INSERT INTO Answer (id,questionId,text,correct,comment) OVERRIDING SYSTEM VALUE VALUES (25,2,'на трепещущ...х листьях',true,'');
	INSERT INTO Answer (id,questionId,text,correct,comment) OVERRIDING SYSTEM VALUE VALUES (26,2,'от тающ...го снега',false,'');
	INSERT INTO Answer (id,questionId,text,correct,comment) OVERRIDING SYSTEM VALUE VALUES (27,2,'у рокочущ...го моря',false,'');
	INSERT INTO Answer (id,questionId,text,correct,comment) OVERRIDING SYSTEM VALUE VALUES (28,2,'пропадающ...х голосов',true,'');
	INSERT INTO Answer (id,questionId,text,correct,comment) OVERRIDING SYSTEM VALUE VALUES (29,2,'на рисуем...м плакате',false,'');
	INSERT INTO Answer (id,questionId,text,correct,comment) OVERRIDING SYSTEM VALUE VALUES (30,2,'в царивш...й тишине',false,'');
	INSERT INTO Answer (id,questionId,text,correct,comment) OVERRIDING SYSTEM VALUE VALUES (31,2,'на прогнувш...мся мосту',false,'');
INSERT INTO Question (id,realmId,ruleId,type,text,number) OVERRIDING SYSTEM VALUE VALUES (3,-1,1,1,'Найдите среди данных причастий причастие, в окончании которого пишется E.',2);
	INSERT INTO Answer (id,questionId,text,correct,comment) OVERRIDING SYSTEM VALUE VALUES (36,3,'за потемневш...м горизонтом',false,'');
	INSERT INTO Answer (id,questionId,text,correct,comment) OVERRIDING SYSTEM VALUE VALUES (37,3,'за улыбавш...мся малышом',false,'');
	INSERT INTO Answer (id,questionId,text,correct,comment) OVERRIDING SYSTEM VALUE VALUES (38,3,'в посветлевш...м воздухе',true,'');
	INSERT INTO Answer (id,questionId,text,correct,comment) OVERRIDING SYSTEM VALUE VALUES (39,3,'перед приближающ...мися каникулами',false,'');
	INSERT INTO Answer (id,questionId,text,correct,comment) OVERRIDING SYSTEM VALUE VALUES (40,3,'о требуем...м доказательстве',false,'');
	INSERT INTO Answer (id,questionId,text,correct,comment) OVERRIDING SYSTEM VALUE VALUES (41,3,'с выздоровевш...м другом',false,'');
	INSERT INTO Answer (id,questionId,text,correct,comment) OVERRIDING SYSTEM VALUE VALUES (42,3,'грядущ...го века',true,'');
	INSERT INTO Answer (id,questionId,text,correct,comment) OVERRIDING SYSTEM VALUE VALUES (43,3,'сбывающ...хся желаний',false,'');
	INSERT INTO Answer (id,questionId,text,correct,comment) OVERRIDING SYSTEM VALUE VALUES (44,3,'плачущ...му ребенку',true,'');
	INSERT INTO Answer (id,questionId,text,correct,comment) OVERRIDING SYSTEM VALUE VALUES (45,3,'темнеющ...м горизонтом',false,'');
	INSERT INTO Answer (id,questionId,text,correct,comment) OVERRIDING SYSTEM VALUE VALUES (46,3,'из написанн...го письма',false,'');
	INSERT INTO Answer (id,questionId,text,correct,comment) OVERRIDING SYSTEM VALUE VALUES (47,3,'с раскрасневш...мся лицомм',false,'');
INSERT INTO Question (id,realmId,ruleId,type,text,number) OVERRIDING SYSTEM VALUE VALUES (4,-1,2,1,'Среди данных ниже словосочетаний выберите словосочетание, в котором причастный оборот выделяется запятой (знаки препинания не расставлены).',1);
	INSERT INTO Answer (id,questionId,text,correct,comment) OVERRIDING SYSTEM VALUE VALUES (48,4,'ветерок пахнущий морем',true,'');
	INSERT INTO Answer (id,questionId,text,correct,comment) OVERRIDING SYSTEM VALUE VALUES (49,4,'сваренные в соленом растворе омары',false,'');
	INSERT INTO Answer (id,questionId,text,correct,comment) OVERRIDING SYSTEM VALUE VALUES (50,4,'засыпанные снегом ветви',false,'');
	INSERT INTO Answer (id,questionId,text,correct,comment) OVERRIDING SYSTEM VALUE VALUES (51,4,'выделенное маркером предложение',false,'');
	INSERT INTO Answer (id,questionId,text,correct,comment) OVERRIDING SYSTEM VALUE VALUES (52,4,'освещенная луной дорога',false,'');
	INSERT INTO Answer (id,questionId,text,correct,comment) OVERRIDING SYSTEM VALUE VALUES (53,4,'жареный поросенок разрезанный на порции',true,'');
	INSERT INTO Answer (id,questionId,text,correct,comment) OVERRIDING SYSTEM VALUE VALUES (54,4,'едущий по рельсам поезд',false,'');
	INSERT INTO Answer (id,questionId,text,correct,comment) OVERRIDING SYSTEM VALUE VALUES (55,4,'политый глазурью торт',false,'');
	INSERT INTO Answer (id,questionId,text,correct,comment) OVERRIDING SYSTEM VALUE VALUES (56,4,'письмо написанное директором',true,'');
	INSERT INTO Answer (id,questionId,text,correct,comment) OVERRIDING SYSTEM VALUE VALUES (57,4,'выигравшая соревнования команда',false,'');
	INSERT INTO Answer (id,questionId,text,correct,comment) OVERRIDING SYSTEM VALUE VALUES (58,4,'шедший из Одессы в Крым пароход',false,'');
	INSERT INTO Answer (id,questionId,text,correct,comment) OVERRIDING SYSTEM VALUE VALUES (59,4,'раскрашенная фломастерами картинка',false,'');
INSERT INTO Question (id,realmId,ruleId,type,text,number) OVERRIDING SYSTEM VALUE VALUES (5,-1,3,1,'Выберите среди данных причастий страдательное.',1);
	INSERT INTO Answer (id,questionId,text,correct,comment) OVERRIDING SYSTEM VALUE VALUES (64,5,'едущий',false,'');
	INSERT INTO Answer (id,questionId,text,correct,comment) OVERRIDING SYSTEM VALUE VALUES (65,5,'плывущий',false,'');
	INSERT INTO Answer (id,questionId,text,correct,comment) OVERRIDING SYSTEM VALUE VALUES (66,5,'покрашенный',true,'');
	INSERT INTO Answer (id,questionId,text,correct,comment) OVERRIDING SYSTEM VALUE VALUES (67,5,'бегущий',false,'');
	INSERT INTO Answer (id,questionId,text,correct,comment) OVERRIDING SYSTEM VALUE VALUES (68,5,'сшитый',true,'');
	INSERT INTO Answer (id,questionId,text,correct,comment) OVERRIDING SYSTEM VALUE VALUES (69,5,'рисовавший',false,'');
	INSERT INTO Answer (id,questionId,text,correct,comment) OVERRIDING SYSTEM VALUE VALUES (70,5,'плачущий',false,'');
	INSERT INTO Answer (id,questionId,text,correct,comment) OVERRIDING SYSTEM VALUE VALUES (71,5,'посадивший',false,'');
	INSERT INTO Answer (id,questionId,text,correct,comment) OVERRIDING SYSTEM VALUE VALUES (60,5,'пишущий',false,'');
	INSERT INTO Answer (id,questionId,text,correct,comment) OVERRIDING SYSTEM VALUE VALUES (61,5,'моющий',false,'');
	INSERT INTO Answer (id,questionId,text,correct,comment) OVERRIDING SYSTEM VALUE VALUES (62,5,'идущий',false,'');
	INSERT INTO Answer (id,questionId,text,correct,comment) OVERRIDING SYSTEM VALUE VALUES (63,5,'написанный',true,'');
INSERT INTO Question (id,realmId,ruleId,type,text,number) OVERRIDING SYSTEM VALUE VALUES (6,-1,3,1,'Выберите среди данных причастий действительное.',2);
	INSERT INTO Answer (id,questionId,text,correct,comment) OVERRIDING SYSTEM VALUE VALUES (80,6,'побелевший',true,'');
	INSERT INTO Answer (id,questionId,text,correct,comment) OVERRIDING SYSTEM VALUE VALUES (81,6,'связанный',false,'');
	INSERT INTO Answer (id,questionId,text,correct,comment) OVERRIDING SYSTEM VALUE VALUES (82,6,'любимый',false,'');
	INSERT INTO Answer (id,questionId,text,correct,comment) OVERRIDING SYSTEM VALUE VALUES (83,6,'распиленный',false,'');
	INSERT INTO Answer (id,questionId,text,correct,comment) OVERRIDING SYSTEM VALUE VALUES (72,6,'снятый',false,'');
	INSERT INTO Answer (id,questionId,text,correct,comment) OVERRIDING SYSTEM VALUE VALUES (73,6,'одетый',false,'');
	INSERT INTO Answer (id,questionId,text,correct,comment) OVERRIDING SYSTEM VALUE VALUES (74,6,'покрытый',false,'');
	INSERT INTO Answer (id,questionId,text,correct,comment) OVERRIDING SYSTEM VALUE VALUES (75,6,'сломавшийся',true,'');
	INSERT INTO Answer (id,questionId,text,correct,comment) OVERRIDING SYSTEM VALUE VALUES (76,6,'поставленный',false,'');
	INSERT INTO Answer (id,questionId,text,correct,comment) OVERRIDING SYSTEM VALUE VALUES (77,6,'поваленный',false,'');
	INSERT INTO Answer (id,questionId,text,correct,comment) OVERRIDING SYSTEM VALUE VALUES (78,6,'улыбающийся',true,'');
	INSERT INTO Answer (id,questionId,text,correct,comment) OVERRIDING SYSTEM VALUE VALUES (79,6,'проколотый',false,'');
INSERT INTO Question (id,realmId,ruleId,type,text,number) OVERRIDING SYSTEM VALUE VALUES (7,-1,3,1,'Найдите среди данных словосочетаний словосочетание со страдательным причастием.',3);
	INSERT INTO Answer (id,questionId,text,correct,comment) OVERRIDING SYSTEM VALUE VALUES (84,7,'посаженный росток',true,'');
	INSERT INTO Answer (id,questionId,text,correct,comment) OVERRIDING SYSTEM VALUE VALUES (85,7,'опавшие с дерева',false,'');
	INSERT INTO Answer (id,questionId,text,correct,comment) OVERRIDING SYSTEM VALUE VALUES (86,7,'сидящая девочка',false,'');
	INSERT INTO Answer (id,questionId,text,correct,comment) OVERRIDING SYSTEM VALUE VALUES (87,7,'расколовшийся орех',false,'');
	INSERT INTO Answer (id,questionId,text,correct,comment) OVERRIDING SYSTEM VALUE VALUES (88,7,'засыпанные аллеи',true,'');
	INSERT INTO Answer (id,questionId,text,correct,comment) OVERRIDING SYSTEM VALUE VALUES (89,7,'мерцающие звезды',false,'');
	INSERT INTO Answer (id,questionId,text,correct,comment) OVERRIDING SYSTEM VALUE VALUES (90,7,'бодрящий воздух',false,'');
	INSERT INTO Answer (id,questionId,text,correct,comment) OVERRIDING SYSTEM VALUE VALUES (91,7,'распускающаяся зелень',false,'');
	INSERT INTO Answer (id,questionId,text,correct,comment) OVERRIDING SYSTEM VALUE VALUES (92,7,'приближающийся вечер',false,'');
	INSERT INTO Answer (id,questionId,text,correct,comment) OVERRIDING SYSTEM VALUE VALUES (93,7,'убранный снег',true,'');
	INSERT INTO Answer (id,questionId,text,correct,comment) OVERRIDING SYSTEM VALUE VALUES (94,7,'ведущая к саду дорожка',false,'');
	INSERT INTO Answer (id,questionId,text,correct,comment) OVERRIDING SYSTEM VALUE VALUES (95,7,'рисующий мальчик',false,'');
INSERT INTO Question (id,realmId,ruleId,type,text,number) OVERRIDING SYSTEM VALUE VALUES (8,-1,3,1,'Выберите среди данных словосочетаний словосочетание с действительным причастием.',4);
	INSERT INTO Answer (id,questionId,text,correct,comment) OVERRIDING SYSTEM VALUE VALUES (96,8,'передаваемые материалы',false,'');
	INSERT INTO Answer (id,questionId,text,correct,comment) OVERRIDING SYSTEM VALUE VALUES (97,8,'выписанный рецепт',false,'');
	INSERT INTO Answer (id,questionId,text,correct,comment) OVERRIDING SYSTEM VALUE VALUES (98,8,'утоляющее боль лекарство',true,'');
	INSERT INTO Answer (id,questionId,text,correct,comment) OVERRIDING SYSTEM VALUE VALUES (99,8,'вымытые окна',false,'');
	INSERT INTO Answer (id,questionId,text,correct,comment) OVERRIDING SYSTEM VALUE VALUES (100,8,'плывущие облака',true,'');
	INSERT INTO Answer (id,questionId,text,correct,comment) OVERRIDING SYSTEM VALUE VALUES (101,8,'ремонтируемый кран',false,'');
	INSERT INTO Answer (id,questionId,text,correct,comment) OVERRIDING SYSTEM VALUE VALUES (102,8,'написанная книга',false,'');
	INSERT INTO Answer (id,questionId,text,correct,comment) OVERRIDING SYSTEM VALUE VALUES (103,8,'покрашенный забор',false,'');
	INSERT INTO Answer (id,questionId,text,correct,comment) OVERRIDING SYSTEM VALUE VALUES (104,8,'потушенный огонь',false,'');
	INSERT INTO Answer (id,questionId,text,correct,comment) OVERRIDING SYSTEM VALUE VALUES (105,8,'пилящий бревна дровосек',true,'');
	INSERT INTO Answer (id,questionId,text,correct,comment) OVERRIDING SYSTEM VALUE VALUES (106,8,'сыгранный матч',false,'');
	INSERT INTO Answer (id,questionId,text,correct,comment) OVERRIDING SYSTEM VALUE VALUES (107,8,'читаемый девочкой рассказ',false,'');
INSERT INTO Question (id,realmId,ruleId,type,text,number) OVERRIDING SYSTEM VALUE VALUES (9,-1,4,1,'Найдите среди данных причастий причастие, от которого не может быть образована краткая форма.',0);
	INSERT INTO Answer (id,questionId,text,correct,comment) OVERRIDING SYSTEM VALUE VALUES (112,9,'ухоженный',false,'');
	INSERT INTO Answer (id,questionId,text,correct,comment) OVERRIDING SYSTEM VALUE VALUES (113,9,'решающий',true,'');
	INSERT INTO Answer (id,questionId,text,correct,comment) OVERRIDING SYSTEM VALUE VALUES (114,9,'пропитанный',false,'');
	INSERT INTO Answer (id,questionId,text,correct,comment) OVERRIDING SYSTEM VALUE VALUES (115,9,'нарисованный',false,'');
	INSERT INTO Answer (id,questionId,text,correct,comment) OVERRIDING SYSTEM VALUE VALUES (116,9,'рассмотренный',false,'');
	INSERT INTO Answer (id,questionId,text,correct,comment) OVERRIDING SYSTEM VALUE VALUES (117,9,'подготовленный',false,'');
	INSERT INTO Answer (id,questionId,text,correct,comment) OVERRIDING SYSTEM VALUE VALUES (118,9,'собирающий',true,'');
	INSERT INTO Answer (id,questionId,text,correct,comment) OVERRIDING SYSTEM VALUE VALUES (119,9,'составленный',false,'');
	INSERT INTO Answer (id,questionId,text,correct,comment) OVERRIDING SYSTEM VALUE VALUES (108,9,'построенный',false,'');
	INSERT INTO Answer (id,questionId,text,correct,comment) OVERRIDING SYSTEM VALUE VALUES (109,9,'посланный',false,'');
	INSERT INTO Answer (id,questionId,text,correct,comment) OVERRIDING SYSTEM VALUE VALUES (110,9,'бегущий',true,'');
	INSERT INTO Answer (id,questionId,text,correct,comment) OVERRIDING SYSTEM VALUE VALUES (111,9,'оказанный',false,'');
INSERT INTO Question (id,realmId,ruleId,type,text,number) OVERRIDING SYSTEM VALUE VALUES (10,-1,4,1,'Выберите среди данных причастий причастие, от которого может быть образована краткая форма.',0);
	INSERT INTO Answer (id,questionId,text,correct,comment) OVERRIDING SYSTEM VALUE VALUES (128,10,'зовущий',false,'');
	INSERT INTO Answer (id,questionId,text,correct,comment) OVERRIDING SYSTEM VALUE VALUES (129,10,'умеющий',false,'');
	INSERT INTO Answer (id,questionId,text,correct,comment) OVERRIDING SYSTEM VALUE VALUES (130,10,'созданный',true,'');
	INSERT INTO Answer (id,questionId,text,correct,comment) OVERRIDING SYSTEM VALUE VALUES (131,10,'ведущий',false,'');
	INSERT INTO Answer (id,questionId,text,correct,comment) OVERRIDING SYSTEM VALUE VALUES (120,10,'вспахавший',false,'');
	INSERT INTO Answer (id,questionId,text,correct,comment) OVERRIDING SYSTEM VALUE VALUES (121,10,'прочитанный',true,'');
	INSERT INTO Answer (id,questionId,text,correct,comment) OVERRIDING SYSTEM VALUE VALUES (122,10,'проверивший',false,'');
	INSERT INTO Answer (id,questionId,text,correct,comment) OVERRIDING SYSTEM VALUE VALUES (123,10,'сделавший',false,'');
	INSERT INTO Answer (id,questionId,text,correct,comment) OVERRIDING SYSTEM VALUE VALUES (124,10,'работающий',false,'');
	INSERT INTO Answer (id,questionId,text,correct,comment) OVERRIDING SYSTEM VALUE VALUES (125,10,'распиливший',false,'');
	INSERT INTO Answer (id,questionId,text,correct,comment) OVERRIDING SYSTEM VALUE VALUES (126,10,'заклеенный',true,'');
	INSERT INTO Answer (id,questionId,text,correct,comment) OVERRIDING SYSTEM VALUE VALUES (127,10,'звонивший',false,'');
INSERT INTO Question (id,realmId,ruleId,type,text,number) OVERRIDING SYSTEM VALUE VALUES (11,-1,5,1,'Среди данных причастий найдите причастие, стоящее в краткой форме.',1);
	INSERT INTO Answer (id,questionId,text,correct,comment) OVERRIDING SYSTEM VALUE VALUES (132,11,'проверенный',false,'');
	INSERT INTO Answer (id,questionId,text,correct,comment) OVERRIDING SYSTEM VALUE VALUES (133,11,'сделан',true,'');
	INSERT INTO Answer (id,questionId,text,correct,comment) OVERRIDING SYSTEM VALUE VALUES (134,11,'решённый',false,'');
	INSERT INTO Answer (id,questionId,text,correct,comment) OVERRIDING SYSTEM VALUE VALUES (135,11,'выкачанный',false,'');
	INSERT INTO Answer (id,questionId,text,correct,comment) OVERRIDING SYSTEM VALUE VALUES (136,11,'распиленный',false,'');
	INSERT INTO Answer (id,questionId,text,correct,comment) OVERRIDING SYSTEM VALUE VALUES (137,11,'создан',true,'');
	INSERT INTO Answer (id,questionId,text,correct,comment) OVERRIDING SYSTEM VALUE VALUES (138,11,'вспаханный',false,'');
	INSERT INTO Answer (id,questionId,text,correct,comment) OVERRIDING SYSTEM VALUE VALUES (139,11,'осыпанный',false,'');
	INSERT INTO Answer (id,questionId,text,correct,comment) OVERRIDING SYSTEM VALUE VALUES (140,11,'унизанный',false,'');
	INSERT INTO Answer (id,questionId,text,correct,comment) OVERRIDING SYSTEM VALUE VALUES (141,11,'ведомый',false,'');
	INSERT INTO Answer (id,questionId,text,correct,comment) OVERRIDING SYSTEM VALUE VALUES (142,11,'написан',true,'');
	INSERT INTO Answer (id,questionId,text,correct,comment) OVERRIDING SYSTEM VALUE VALUES (143,11,'положенный',false,'');
INSERT INTO Question (id,realmId,ruleId,type,text,number) OVERRIDING SYSTEM VALUE VALUES (12,-1,6,1,'Найдите среди данных причастий действительное причастие прошедшего времени.',1);
	INSERT INTO Answer (id,questionId,text,correct,comment) OVERRIDING SYSTEM VALUE VALUES (144,12,'застывший',true,'');
	INSERT INTO Answer (id,questionId,text,correct,comment) OVERRIDING SYSTEM VALUE VALUES (145,12,'вьющийся',false,'');
	INSERT INTO Answer (id,questionId,text,correct,comment) OVERRIDING SYSTEM VALUE VALUES (146,12,'названный',false,'');
	INSERT INTO Answer (id,questionId,text,correct,comment) OVERRIDING SYSTEM VALUE VALUES (147,12,'поднимающийся',false,'');
	INSERT INTO Answer (id,questionId,text,correct,comment) OVERRIDING SYSTEM VALUE VALUES (148,12,'посланный',false,'');
	INSERT INTO Answer (id,questionId,text,correct,comment) OVERRIDING SYSTEM VALUE VALUES (149,12,'написавший',true,'');
	INSERT INTO Answer (id,questionId,text,correct,comment) OVERRIDING SYSTEM VALUE VALUES (150,12,'пишущий',false,'');
	INSERT INTO Answer (id,questionId,text,correct,comment) OVERRIDING SYSTEM VALUE VALUES (151,12,'читаемый',false,'');
	INSERT INTO Answer (id,questionId,text,correct,comment) OVERRIDING SYSTEM VALUE VALUES (152,12,'сидевший',true,'');
	INSERT INTO Answer (id,questionId,text,correct,comment) OVERRIDING SYSTEM VALUE VALUES (153,12,'краснеющий',false,'');
	INSERT INTO Answer (id,questionId,text,correct,comment) OVERRIDING SYSTEM VALUE VALUES (154,12,'разозленный',false,'');
	INSERT INTO Answer (id,questionId,text,correct,comment) OVERRIDING SYSTEM VALUE VALUES (155,12,'обозначенный',false,'');
INSERT INTO Question (id,realmId,ruleId,type,text,number) OVERRIDING SYSTEM VALUE VALUES (13,-1,6,1,'Выберите из данных причастий страдательное причастие прошедшего времени.',2);
	INSERT INTO Answer (id,questionId,text,correct,comment) OVERRIDING SYSTEM VALUE VALUES (160,13,'отредактированный',true,'');
	INSERT INTO Answer (id,questionId,text,correct,comment) OVERRIDING SYSTEM VALUE VALUES (161,13,'шьющий',false,'');
	INSERT INTO Answer (id,questionId,text,correct,comment) OVERRIDING SYSTEM VALUE VALUES (162,13,'гасимый',false,'');
	INSERT INTO Answer (id,questionId,text,correct,comment) OVERRIDING SYSTEM VALUE VALUES (163,13,'распластавшийся',false,'');
	INSERT INTO Answer (id,questionId,text,correct,comment) OVERRIDING SYSTEM VALUE VALUES (164,13,'зеленеющий',false,'');
	INSERT INTO Answer (id,questionId,text,correct,comment) OVERRIDING SYSTEM VALUE VALUES (165,13,'покрашенный',true,'');
	INSERT INTO Answer (id,questionId,text,correct,comment) OVERRIDING SYSTEM VALUE VALUES (166,13,'летящий',false,'');
	INSERT INTO Answer (id,questionId,text,correct,comment) OVERRIDING SYSTEM VALUE VALUES (167,13,'шумевший',false,'');
	INSERT INTO Answer (id,questionId,text,correct,comment) OVERRIDING SYSTEM VALUE VALUES (156,13,'бегущий',false,'');
	INSERT INTO Answer (id,questionId,text,correct,comment) OVERRIDING SYSTEM VALUE VALUES (157,13,'раздававшийся',false,'');
	INSERT INTO Answer (id,questionId,text,correct,comment) OVERRIDING SYSTEM VALUE VALUES (158,13,'танцующий',false,'');
	INSERT INTO Answer (id,questionId,text,correct,comment) OVERRIDING SYSTEM VALUE VALUES (159,13,'забытый',true,'');
INSERT INTO Question (id,realmId,ruleId,type,text,number) OVERRIDING SYSTEM VALUE VALUES (14,-1,6,1,'Найдите среди данных причастий действительное причастие настоящего времени.',3);
	INSERT INTO Answer (id,questionId,text,correct,comment) OVERRIDING SYSTEM VALUE VALUES (176,14,'любимый',false,'');
	INSERT INTO Answer (id,questionId,text,correct,comment) OVERRIDING SYSTEM VALUE VALUES (177,14,'просмотренный',false,'');
	INSERT INTO Answer (id,questionId,text,correct,comment) OVERRIDING SYSTEM VALUE VALUES (178,14,'певший',false,'');
	INSERT INTO Answer (id,questionId,text,correct,comment) OVERRIDING SYSTEM VALUE VALUES (179,14,'видящий',true,'');
	INSERT INTO Answer (id,questionId,text,correct,comment) OVERRIDING SYSTEM VALUE VALUES (168,14,'растущий',true,'');
	INSERT INTO Answer (id,questionId,text,correct,comment) OVERRIDING SYSTEM VALUE VALUES (169,14,'певший',false,'');
	INSERT INTO Answer (id,questionId,text,correct,comment) OVERRIDING SYSTEM VALUE VALUES (170,14,'спетый',false,'');
	INSERT INTO Answer (id,questionId,text,correct,comment) OVERRIDING SYSTEM VALUE VALUES (171,14,'рассказанный',false,'');
	INSERT INTO Answer (id,questionId,text,correct,comment) OVERRIDING SYSTEM VALUE VALUES (172,14,'взятый',false,'');
	INSERT INTO Answer (id,questionId,text,correct,comment) OVERRIDING SYSTEM VALUE VALUES (173,14,'мигающий',true,'');
	INSERT INTO Answer (id,questionId,text,correct,comment) OVERRIDING SYSTEM VALUE VALUES (174,14,'поваленный',false,'');
	INSERT INTO Answer (id,questionId,text,correct,comment) OVERRIDING SYSTEM VALUE VALUES (175,14,'читаемый',false,'');
INSERT INTO Question (id,realmId,ruleId,type,text,number) OVERRIDING SYSTEM VALUE VALUES (15,-1,6,1,'Найдите среди данных причастий страдательное причастие настоящего времени.',4);
	INSERT INTO Answer (id,questionId,text,correct,comment) OVERRIDING SYSTEM VALUE VALUES (180,15,'позолоченный',false,'');
	INSERT INTO Answer (id,questionId,text,correct,comment) OVERRIDING SYSTEM VALUE VALUES (181,15,'раскрашенный',false,'');
	INSERT INTO Answer (id,questionId,text,correct,comment) OVERRIDING SYSTEM VALUE VALUES (182,15,'рисуемый',true,'');
	INSERT INTO Answer (id,questionId,text,correct,comment) OVERRIDING SYSTEM VALUE VALUES (183,15,'прибивший',false,'');
	INSERT INTO Answer (id,questionId,text,correct,comment) OVERRIDING SYSTEM VALUE VALUES (184,15,'движимый',true,'');
	INSERT INTO Answer (id,questionId,text,correct,comment) OVERRIDING SYSTEM VALUE VALUES (185,15,'проведенный',false,'');
	INSERT INTO Answer (id,questionId,text,correct,comment) OVERRIDING SYSTEM VALUE VALUES (186,15,'бегущий',false,'');
	INSERT INTO Answer (id,questionId,text,correct,comment) OVERRIDING SYSTEM VALUE VALUES (187,15,'плывший',false,'');
	INSERT INTO Answer (id,questionId,text,correct,comment) OVERRIDING SYSTEM VALUE VALUES (188,15,'высказанный',false,'');
	INSERT INTO Answer (id,questionId,text,correct,comment) OVERRIDING SYSTEM VALUE VALUES (189,15,'мерцавший',false,'');
	INSERT INTO Answer (id,questionId,text,correct,comment) OVERRIDING SYSTEM VALUE VALUES (190,15,'сажаемый',true,'');
	INSERT INTO Answer (id,questionId,text,correct,comment) OVERRIDING SYSTEM VALUE VALUES (191,15,'крутящийся',false,'');
INSERT INTO Question (id,realmId,ruleId,type,text,number) OVERRIDING SYSTEM VALUE VALUES (16,-1,7,1,'<p>Найдите среди данных причастий причастие с суффиксом -ущ-(-ющ-).</p>',1);
	INSERT INTO Answer (id,questionId,text,correct,comment) OVERRIDING SYSTEM VALUE VALUES (192,16,'стро...щий',false,'');
	INSERT INTO Answer (id,questionId,text,correct,comment) OVERRIDING SYSTEM VALUE VALUES (193,16,'дума...щий',true,'');
	INSERT INTO Answer (id,questionId,text,correct,comment) OVERRIDING SYSTEM VALUE VALUES (194,16,'терп...щий',false,'');
	INSERT INTO Answer (id,questionId,text,correct,comment) OVERRIDING SYSTEM VALUE VALUES (195,16,'вид...щий',false,'');
	INSERT INTO Answer (id,questionId,text,correct,comment) OVERRIDING SYSTEM VALUE VALUES (196,16,'шепч...щий',true,'');
	INSERT INTO Answer (id,questionId,text,correct,comment) OVERRIDING SYSTEM VALUE VALUES (197,16,'служ...щий',false,'');
	INSERT INTO Answer (id,questionId,text,correct,comment) OVERRIDING SYSTEM VALUE VALUES (198,16,'крас...щий',false,'');
	INSERT INTO Answer (id,questionId,text,correct,comment) OVERRIDING SYSTEM VALUE VALUES (199,16,'говор...щий',false,'');
	INSERT INTO Answer (id,questionId,text,correct,comment) OVERRIDING SYSTEM VALUE VALUES (200,16,'ла...щий',true,'');
	INSERT INTO Answer (id,questionId,text,correct,comment) OVERRIDING SYSTEM VALUE VALUES (201,16,'крич...щий',false,'');
	INSERT INTO Answer (id,questionId,text,correct,comment) OVERRIDING SYSTEM VALUE VALUES (202,16,'смотр...щий',false,'');
	INSERT INTO Answer (id,questionId,text,correct,comment) OVERRIDING SYSTEM VALUE VALUES (203,16,'леч...щий',false,'');
INSERT INTO Question (id,realmId,ruleId,type,text,number) OVERRIDING SYSTEM VALUE VALUES (17,-1,7,1,'Найдите среди данных причастий причастие с суффиксом -ащ-(-ящ-).',2);
	INSERT INTO Answer (id,questionId,text,correct,comment) OVERRIDING SYSTEM VALUE VALUES (208,17,'ро...щий',false,'');
	INSERT INTO Answer (id,questionId,text,correct,comment) OVERRIDING SYSTEM VALUE VALUES (209,17,'дыш...щий',true,'');
	INSERT INTO Answer (id,questionId,text,correct,comment) OVERRIDING SYSTEM VALUE VALUES (210,17,'бор...щийся',false,'');
	INSERT INTO Answer (id,questionId,text,correct,comment) OVERRIDING SYSTEM VALUE VALUES (211,17,'потуха...щий',false,'');
	INSERT INTO Answer (id,questionId,text,correct,comment) OVERRIDING SYSTEM VALUE VALUES (212,17,'слыш...щий',true,'');
	INSERT INTO Answer (id,questionId,text,correct,comment) OVERRIDING SYSTEM VALUE VALUES (213,17,'зелене...щий',false,'');
	INSERT INTO Answer (id,questionId,text,correct,comment) OVERRIDING SYSTEM VALUE VALUES (214,17,'надвига...щийся',false,'');
	INSERT INTO Answer (id,questionId,text,correct,comment) OVERRIDING SYSTEM VALUE VALUES (215,17,'по...щий',false,'');
	INSERT INTO Answer (id,questionId,text,correct,comment) OVERRIDING SYSTEM VALUE VALUES (204,17,'маш...щий',false,'');
	INSERT INTO Answer (id,questionId,text,correct,comment) OVERRIDING SYSTEM VALUE VALUES (205,17,'стел...щийся',false,'');
	INSERT INTO Answer (id,questionId,text,correct,comment) OVERRIDING SYSTEM VALUE VALUES (206,17,'кол...щий',false,'');
	INSERT INTO Answer (id,questionId,text,correct,comment) OVERRIDING SYSTEM VALUE VALUES (207,17,'сто...щий',true,'');
INSERT INTO Question (id,realmId,ruleId,type,text,number) OVERRIDING SYSTEM VALUE VALUES (18,-1,8,1,'Найдите среди данных причастий причастие, перед суффиксом которого пишется буква А.',1);
	INSERT INTO Answer (id,questionId,text,correct,comment) OVERRIDING SYSTEM VALUE VALUES (224,18,'постро...вший',false,'');
	INSERT INTO Answer (id,questionId,text,correct,comment) OVERRIDING SYSTEM VALUE VALUES (225,18,'отча...вшийся',false,'');
	INSERT INTO Answer (id,questionId,text,correct,comment) OVERRIDING SYSTEM VALUE VALUES (226,18,'встрет...вший',false,'');
	INSERT INTO Answer (id,questionId,text,correct,comment) OVERRIDING SYSTEM VALUE VALUES (227,18,'царствов...вший',true,'');
	INSERT INTO Answer (id,questionId,text,correct,comment) OVERRIDING SYSTEM VALUE VALUES (216,18,'ненавид...вший',false,'');
	INSERT INTO Answer (id,questionId,text,correct,comment) OVERRIDING SYSTEM VALUE VALUES (217,18,'слыш...вший',true,'');
	INSERT INTO Answer (id,questionId,text,correct,comment) OVERRIDING SYSTEM VALUE VALUES (218,18,'обид...вший',false,'');
	INSERT INTO Answer (id,questionId,text,correct,comment) OVERRIDING SYSTEM VALUE VALUES (219,18,'удосто...вшийся',false,'');
	INSERT INTO Answer (id,questionId,text,correct,comment) OVERRIDING SYSTEM VALUE VALUES (220,18,'разве...вший',false,'');
	INSERT INTO Answer (id,questionId,text,correct,comment) OVERRIDING SYSTEM VALUE VALUES (221,18,'посе...вший',false,'');
	INSERT INTO Answer (id,questionId,text,correct,comment) OVERRIDING SYSTEM VALUE VALUES (222,18,'леж...вший',true,'');
	INSERT INTO Answer (id,questionId,text,correct,comment) OVERRIDING SYSTEM VALUE VALUES (223,18,'се...вший',false,'');
INSERT INTO Question (id,realmId,ruleId,type,text,number) OVERRIDING SYSTEM VALUE VALUES (19,-1,8,1,'Найдите среди данных причастий причастие, перед суффиксом которого пишется буква Е',2);
	INSERT INTO Answer (id,questionId,text,correct,comment) OVERRIDING SYSTEM VALUE VALUES (228,19,'почу...вший',false,'');
	INSERT INTO Answer (id,questionId,text,correct,comment) OVERRIDING SYSTEM VALUE VALUES (229,19,'раскле...вший',false,'');
	INSERT INTO Answer (id,questionId,text,correct,comment) OVERRIDING SYSTEM VALUE VALUES (230,19,'обид...вший',true,'');
	INSERT INTO Answer (id,questionId,text,correct,comment) OVERRIDING SYSTEM VALUE VALUES (231,19,'прав...вший',false,'');
	INSERT INTO Answer (id,questionId,text,correct,comment) OVERRIDING SYSTEM VALUE VALUES (232,19,'отта...вший',false,'');
	INSERT INTO Answer (id,questionId,text,correct,comment) OVERRIDING SYSTEM VALUE VALUES (233,19,'завис...вший',true,'');
	INSERT INTO Answer (id,questionId,text,correct,comment) OVERRIDING SYSTEM VALUE VALUES (234,19,'стро...вший',false,'');
	INSERT INTO Answer (id,questionId,text,correct,comment) OVERRIDING SYSTEM VALUE VALUES (235,19,'та...вший',false,'');
	INSERT INTO Answer (id,questionId,text,correct,comment) OVERRIDING SYSTEM VALUE VALUES (236,19,'погас...вший',false,'');
	INSERT INTO Answer (id,questionId,text,correct,comment) OVERRIDING SYSTEM VALUE VALUES (237,19,'сид...вший',true,'');
	INSERT INTO Answer (id,questionId,text,correct,comment) OVERRIDING SYSTEM VALUE VALUES (238,19,'чит...вший',false,'');
	INSERT INTO Answer (id,questionId,text,correct,comment) OVERRIDING SYSTEM VALUE VALUES (239,19,'брос...вший',false,'');
INSERT INTO Question (id,realmId,ruleId,type,text,number) OVERRIDING SYSTEM VALUE VALUES (20,-1,8,1,'Найдите среди данных причастий причастие, перед суффиксом которого пишется буква И.',3);
	INSERT INTO Answer (id,questionId,text,correct,comment) OVERRIDING SYSTEM VALUE VALUES (240,20,'рассматрив...вший',false,'');
	INSERT INTO Answer (id,questionId,text,correct,comment) OVERRIDING SYSTEM VALUE VALUES (241,20,'прыг...вший',false,'');
	INSERT INTO Answer (id,questionId,text,correct,comment) OVERRIDING SYSTEM VALUE VALUES (242,20,'бег...вший',false,'');
	INSERT INTO Answer (id,questionId,text,correct,comment) OVERRIDING SYSTEM VALUE VALUES (243,20,'похит...вший',true,'');
	INSERT INTO Answer (id,questionId,text,correct,comment) OVERRIDING SYSTEM VALUE VALUES (244,20,'глад...вший',true,'');
	INSERT INTO Answer (id,questionId,text,correct,comment) OVERRIDING SYSTEM VALUE VALUES (245,20,'выкач...вший',false,'');
	INSERT INTO Answer (id,questionId,text,correct,comment) OVERRIDING SYSTEM VALUE VALUES (246,20,'развеш...вший',false,'');
	INSERT INTO Answer (id,questionId,text,correct,comment) OVERRIDING SYSTEM VALUE VALUES (247,20,'покин...вший',false,'');
	INSERT INTO Answer (id,questionId,text,correct,comment) OVERRIDING SYSTEM VALUE VALUES (248,20,'посват...вшийся',false,'');
	INSERT INTO Answer (id,questionId,text,correct,comment) OVERRIDING SYSTEM VALUE VALUES (249,20,'вытк...вший',false,'');
	INSERT INTO Answer (id,questionId,text,correct,comment) OVERRIDING SYSTEM VALUE VALUES (250,20,'настро...вший',true,'');
	INSERT INTO Answer (id,questionId,text,correct,comment) OVERRIDING SYSTEM VALUE VALUES (251,20,'рассе...вший',false,'');
INSERT INTO Question (id,realmId,ruleId,type,text,number) OVERRIDING SYSTEM VALUE VALUES (21,-1,8,1,'Найдите среди данных причасти причастие, перед суффиксом которого пишется буква Я.',4);
	INSERT INTO Answer (id,questionId,text,correct,comment) OVERRIDING SYSTEM VALUE VALUES (256,21,'ма...вшийся',true,'');
	INSERT INTO Answer (id,questionId,text,correct,comment) OVERRIDING SYSTEM VALUE VALUES (257,21,'штоп...вший',false,'');
	INSERT INTO Answer (id,questionId,text,correct,comment) OVERRIDING SYSTEM VALUE VALUES (258,21,'трезвон...вший',false,'');
	INSERT INTO Answer (id,questionId,text,correct,comment) OVERRIDING SYSTEM VALUE VALUES (259,21,'прикин...вший',false,'');
	INSERT INTO Answer (id,questionId,text,correct,comment) OVERRIDING SYSTEM VALUE VALUES (260,21,'глад...вший',false,'');
	INSERT INTO Answer (id,questionId,text,correct,comment) OVERRIDING SYSTEM VALUE VALUES (261,21,'ла...вший',true,'');
	INSERT INTO Answer (id,questionId,text,correct,comment) OVERRIDING SYSTEM VALUE VALUES (262,21,'маяч...вший',false,'');
	INSERT INTO Answer (id,questionId,text,correct,comment) OVERRIDING SYSTEM VALUE VALUES (263,21,'заклин...вший',false,'');
	INSERT INTO Answer (id,questionId,text,correct,comment) OVERRIDING SYSTEM VALUE VALUES (252,21,'злослов...вший',false,'');
	INSERT INTO Answer (id,questionId,text,correct,comment) OVERRIDING SYSTEM VALUE VALUES (253,21,'исполн...вший',false,'');
	INSERT INTO Answer (id,questionId,text,correct,comment) OVERRIDING SYSTEM VALUE VALUES (254,21,'пока...вшийся',true,'');
	INSERT INTO Answer (id,questionId,text,correct,comment) OVERRIDING SYSTEM VALUE VALUES (255,21,'намаз...вший',false,'');
INSERT INTO Question (id,realmId,ruleId,type,text,number) OVERRIDING SYSTEM VALUE VALUES (22,-1,9,1,'Найдите среди данных причастий причастие с суффиксом -ем-(-ом-).',1);
	INSERT INTO Answer (id,questionId,text,correct,comment) OVERRIDING SYSTEM VALUE VALUES (272,22,'глад...мый',false,'');
	INSERT INTO Answer (id,questionId,text,correct,comment) OVERRIDING SYSTEM VALUE VALUES (273,22,'забива...мый',true,'');
	INSERT INTO Answer (id,questionId,text,correct,comment) OVERRIDING SYSTEM VALUE VALUES (274,22,'кле...мый',false,'');
	INSERT INTO Answer (id,questionId,text,correct,comment) OVERRIDING SYSTEM VALUE VALUES (275,22,'слав...мый',false,'');
	INSERT INTO Answer (id,questionId,text,correct,comment) OVERRIDING SYSTEM VALUE VALUES (264,22,'ненавид...мый',false,'');
	INSERT INTO Answer (id,questionId,text,correct,comment) OVERRIDING SYSTEM VALUE VALUES (265,22,'чита...мый',true,'');
	INSERT INTO Answer (id,questionId,text,correct,comment) OVERRIDING SYSTEM VALUE VALUES (266,22,'вид...мый',false,'');
	INSERT INTO Answer (id,questionId,text,correct,comment) OVERRIDING SYSTEM VALUE VALUES (267,22,'завис...мый',false,'');
	INSERT INTO Answer (id,questionId,text,correct,comment) OVERRIDING SYSTEM VALUE VALUES (268,22,'муч...мый',false,'');
	INSERT INTO Answer (id,questionId,text,correct,comment) OVERRIDING SYSTEM VALUE VALUES (269,22,'слыш...мый',false,'');
	INSERT INTO Answer (id,questionId,text,correct,comment) OVERRIDING SYSTEM VALUE VALUES (270,22,'уважа...мый',true,'');
	INSERT INTO Answer (id,questionId,text,correct,comment) OVERRIDING SYSTEM VALUE VALUES (271,22,'невид...мый',false,'');
